"Package","Version"
"decoupleR","2.16.0"
"logger","0.4.2"
"OmnipathR","3.18.4"
"abind","1.4-8"
"alabaster.base","1.10.0"
"alabaster.matrix","1.10.0"
"alabaster.ranges","1.10.0"
"alabaster.schemas","1.10.0"
"alabaster.se","1.10.0"
"anndataR","1.0.2"
"annotate","1.88.0"
"AnnotationDbi","1.72.0"
"AnnotationFilter","1.34.0"
"AnnotationHub","4.0.0"
"aod","1.3.3"
"ape","5.8-1"
"aplot","0.2.9"
"AsioHeaders","1.30.2-1"
"askpass","1.2.1"
"assertthat","0.2.1"
"assorthead","1.4.0"
"Azimuth","0.5.1"
"babelgene","22.9"
"backports","1.5.1"
"base","4.5.3"
"base64enc","0.1-6"
"basilisk","1.22.0"
"bayesplot","1.15.0"
"bcellViper","1.46.0"
"beachmat","2.26.0"
"beeswarm","0.4.0"
"benchmarkme","1.0.8"
"benchmarkmeData","2.0.0"
"BH","1.90.0-1"
"Biobase","2.70.0"
"BiocBaseUtils","1.12.0"
"BiocFileCache","3.0.0"
"BiocGenerics","0.56.0"
"BiocIO","1.20.0"
"BiocManager","1.30.27"
"BiocNeighbors","2.4.0"
"BiocParallel","1.44.0"
"BiocSingular","1.26.1"
"BiocVersion","3.22.0"
"biomaRt","2.66.2"
"Biostrings","2.78.0"
"bit","4.6.0"
"bit64","4.8.2"
"bitops","1.0-9"
"blme","1.0-7"
"blob","1.3.0"
"bluster","1.20.0"
"boot","1.3-32"
"BPCells","0.3.1"
"brew","1.0-10"
"bridgesampling","1.2-1"
"brio","1.1.5"
"brms","2.23.0"
"Brobdingnag","1.2-9"
"broom","1.0.13"
"broom.mixed","0.2.9.7"
"BSgenome","1.78.0"
"BSgenome.Hsapiens.UCSC.hg38","1.4.5"
"bslib","0.11.0"
"cachem","1.1.0"
"Cairo","1.7-0"
"callr","3.7.6"
"car","3.1-5"
"carData","3.0-6"
"caTools","1.18.3"
"celldex","1.20.0"
"cellranger","1.1.0"
"checkmate","2.3.4"
"cigarillo","1.0.0"
"circlize","0.4.18"
"class","7.3-23"
"cli","3.6.6"
"clipr","0.8.1"
"clue","0.3-68"
"cluster","2.1.8.2"
"clusterProfiler","4.18.4"
"coda","0.19-4.1"
"codetools","0.2-20"
"collections","0.3.12"
"colorspace","2.1-2"
"commonmark","2.0.0"
"compiler","4.5.3"
"ComplexHeatmap","2.26.1"
"conflicted","1.2.0"
"corpcor","1.6.10"
"corrplot","0.95"
"cowplot","1.2.0"
"cpp11","0.5.5"
"crayon","1.5.3"
"credentials","2.0.3"
"crescendo","1.0"
"crosstalk","1.2.2"
"curl","7.1.0"
"data.table","1.18.4"
"datasets","4.5.3"
"DBI","1.3.0"
"dbplyr","2.5.2"
"decoupleR","2.16.0"
"DelayedArray","0.36.1"
"DelayedMatrixStats","1.32.0"
"deldir","2.0-4"
"dendextend","1.19.1"
"Deriv","4.2.0"
"desc","1.4.3"
"DescTools","0.99.60"
"DESeq2","1.50.2"
"devtools","2.5.2"
"diffobj","0.3.6"
"digest","0.6.39"
"dir.expiry","1.18.0"
"DirichletMultinomial","1.52.0"
"distributional","0.7.0"
"dittoSeq","1.22.0"
"doBy","4.7.1"
"doParallel","1.0.17"
"dorothea","1.22.0"
"DOSE","4.4.0"
"dotCall64","1.2"
"downlit","0.4.5"
"dplyr","1.2.1"
"dqrng","0.4.1"
"DropletUtils","1.30.0"
"DT","0.34.0"
"dtplyr","1.3.3"
"dynamicTreeCut","1.63-1"
"e1071","1.7-17"
"easy.utils","0.1.0"
"edgeR","4.8.2"
"ellipse","0.5.0"
"ellipsis","0.3.3"
"enrichplot","1.30.5"
"EnsDb.Hsapiens.v86","2.99.0"
"EnsDb.Mmusculus.v79","2.99.0"
"ensembldb","2.34.0"
"EnvStats","3.1.0"
"evaluate","1.0.5"
"Exact","3.3"
"ExperimentHub","3.0.0"
"expm","1.0-0"
"fANCOVA","0.6-1"
"fansi","1.0.7"
"farver","2.1.2"
"fastcluster","1.3.0"
"fastDummies","1.7.5"
"fastmap","1.2.0"
"fastmatch","1.1-8"
"fdrtool","1.2.18"
"fgsea","1.36.2"
"filelock","1.0.3"
"fitdistrplus","1.2-6"
"FNN","1.1.4.1"
"fontawesome","0.5.3"
"fontBitstreamVera","0.1.1"
"fontLiberation","0.1.0"
"fontquiver","0.2.1"
"forcats","1.0.1"
"foreach","1.5.2"
"forecast","9.0.2"
"foreign","0.8-91"
"formatR","1.14"
"Formula","1.2-5"
"fracdiff","1.5-4"
"fs","2.1.0"
"furrr","0.4.0"
"futile.logger","1.4.9"
"futile.options","1.0.1"
"future","1.70.0"
"future.apply","1.20.2"
"gargle","1.6.1"
"gdtools","0.5.0"
"GeneNMF","0.9.4"
"generics","0.1.4"
"GenomeInfoDb","1.46.2"
"GenomicAlignments","1.46.0"
"GenomicFeatures","1.62.0"
"GenomicRanges","1.62.1"
"gert","2.3.1"
"GetoptLong","1.1.1"
"ggbeeswarm","0.7.3"
"ggforce","0.5.0"
"ggfun","0.2.0"
"ggiraph","0.9.6"
"ggnewscale","0.5.2"
"ggplot2","4.0.3"
"ggplotify","0.1.3"
"ggpubr","0.6.3"
"ggrastr","1.0.2"
"ggrepel","0.9.8"
"ggridges","0.5.7"
"ggsci","5.0.0"
"ggsignif","0.6.4"
"ggtangle","0.1.1"
"ggtree","4.0.5"
"gh","1.6.0"
"gitcreds","0.1.2"
"gld","2.6.8"
"glmGamPoi","1.22.0"
"glmmTMB","1.1.14"
"glmnet","4.1-10"
"GlobalOptions","0.1.4"
"globals","0.19.1"
"glue","1.8.1"
"GO.db","3.22.0"
"goftest","1.2-3"
"googledrive","2.1.2"
"googlesheets4","1.1.2"
"GOSemSim","2.36.0"
"gplots","3.3.0"
"graph","1.88.1"
"graphics","4.5.3"
"grDevices","4.5.3"
"grid","4.5.3"
"gridExtra","2.3"
"gridGraphics","0.5-1"
"GSEABase","1.72.0"
"gsignal","0.3-7"
"gson","0.1.0"
"GSVA","2.4.9"
"gtable","0.3.6"
"gtools","3.9.5"
"gypsum","1.6.0"
"h5mread","1.2.1"
"harmony","1.2.4"
"haven","2.5.5"
"HDF5Array","1.38.0"
"hdf5r","1.3.12"
"hdf5r.Extra","0.1.0"
"here","1.0.2"
"hexbin","1.28.5"
"HighFive","3.3.0"
"highr","0.12"
"Hmisc","5.2-5"
"hms","1.1.4"
"htmlTable","2.5.0"
"htmltools","0.5.9"
"htmlwidgets","1.6.4"
"httpgd","2.1.4"
"httpuv","1.6.17"
"httr","1.4.8"
"httr2","1.2.2"
"ica","1.0-3"
"ids","1.0.1"
"igraph","2.2.3"
"IHW","1.38.0"
"ini","0.3.1"
"inline","0.3.21"
"IRanges","2.44.0"
"IRdisplay","1.1"
"IRkernel","1.3.2"
"irlba","2.3.7"
"isoband","0.3.0"
"iterators","1.0.14"
"JASPAR2020","0.99.10"
"JASPAR2022","0.99.8"
"jquerylib","0.1.4"
"jsonlite","2.0.0"
"jsonvalidate","1.5.0"
"kableExtra","1.4.0"
"KEGGREST","1.50.0"
"KernSmooth","2.23-26"
"knitr","1.51"
"labeling","0.4.3"
"lambda.r","1.2.4"
"languageserver","0.3.18"
"later","1.4.8"
"lattice","0.22-9"
"lazyeval","0.2.3"
"lemur","1.8.0"
"lifecycle","1.0.5"
"limma","3.66.0"
"lintr","3.3.0-1"
"listenv","0.10.1"
"lme4","2.0-1"
"lmerTest","3.2-1"
"lmom","3.3"
"lmtest","0.9-40"
"locfit","1.5-9.12"
"loo","2.9.0"
"lpsymphony","1.38.0"
"lsa","0.73.4"
"lubridate","1.9.5"
"magick","2.9.1"
"magrittr","2.0.5"
"MASS","7.3-65"
"Matrix","1.7-5"
"MatrixGenerics","1.22.0"
"MatrixModels","0.5-4"
"matrixStats","1.5.0"
"memoise","2.0.1"
"memuse","4.2-3"
"metapod","1.18.0"
"methods","4.5.3"
"mgcv","1.9-4"
"microbenchmark","1.5.0"
"mime","0.13"
"miniUI","0.1.2"
"minqa","1.2.8"
"mixOmics","6.34.0"
"modelr","0.1.11"
"MOFA2","1.20.2"
"msigdbr","26.1.0"
"MuDataSeurat","0.0.0.9000"
"muscat","1.24.0"
"mvtnorm","1.4-0"
"nabor","0.5.0"
"nleqslv","3.3.7"
"nlme","3.1-169"
"nloptr","2.2.1"
"nnet","7.3-20"
"nortest","1.0-4"
"numDeriv","2016.8-1.1"
"openssl","2.4.1"
"otel","0.2.0"
"PACS","0.2.2"
"pak","0.9.5"
"pandoc","0.2.0"
"parallel","4.5.3"
"parallelly","1.47.0"
"patchwork","1.3.2"
"pbapply","1.7-4"
"pbdZMQ","0.3-14"
"pbkrtest","0.5.5"
"pbmcapply","1.5.1"
"pheatmap","1.0.13"
"PICsnATAC","0.3.1"
"pillar","1.11.1"
"pkgbuild","1.4.8"
"pkgconfig","2.0.3"
"pkgdown","2.2.0"
"pkgload","1.5.2"
"plotly","4.12.0"
"plyr","1.8.9"
"png","0.1-9"
"polyclip","1.10-7"
"polynom","1.4-1"
"posterior","1.7.0"
"pracma","2.4.6"
"praise","1.0.0"
"presto","1.0.0"
"prettyunits","1.2.0"
"pROC","1.19.0.1"
"processx","3.9.0"
"profvis","0.4.0"
"progeny","1.32.0"
"progress","1.2.3"
"progressr","0.19.0"
"promises","1.5.0"
"ProtGenerics","1.42.0"
"proxy","0.4-29"
"ps","1.9.3"
"purrr","1.2.2"
"pwalign","1.6.0"
"quantreg","6.1"
"QuickJSR","1.10.0"
"qvalue","2.42.0"
"R.cache","0.17.0"
"R.methodsS3","1.8.2"
"R.oo","1.27.1"
"R.utils","2.13.0"
"R6","2.6.1"
"ragg","1.5.2"
"RANN","2.6.2"
"rappdirs","0.3.4"
"rARPACK","0.11-0"
"rbibutils","2.4.1"
"rcmdcheck","1.4.0"
"RColorBrewer","1.1-3"
"Rcpp","1.1.1-1.1"
"RcppAnnoy","0.0.23"
"RcppArmadillo","15.2.7-1"
"RcppEigen","0.3.4.0.2"
"RcppHNSW","0.6.0"
"RcppML","0.3.7.1"
"RcppParallel","5.1.11-2"
"RcppProgress","0.4.2"
"RcppRoll","0.3.2"
"RcppTOML","0.2.3"
"RCurl","1.98-1.18"
"Rdpack","2.6.6"
"readr","2.2.0"
"readxl","1.5.0"
"reformulas","0.4.4"
"remaCor","0.0.20"
"rematch","2.0.0"
"rematch2","2.1.2"
"remotes","2.5.0"
"renv","1.2.3"
"repr","1.1.7"
"reprex","2.1.1"
"reshape2","1.4.5"
"restfulr","0.0.16"
"reticulate","1.46.0"
"rex","1.2.2"
"Rfast","2.1.5.2"
"rgl","1.3.36"
"rhdf5","2.54.1"
"rhdf5filters","1.22.0"
"Rhdf5lib","1.32.0"
"RhpcBLASctl","0.23-42"
"Rhtslib","3.6.0"
"rjson","0.2.23"
"rlang","1.2.0"
"rmarkdown","2.31"
"ROCR","1.0-12"
"rootSolve","1.8.2.4"
"roxygen2","8.0.0"
"rpart","4.1.27"
"rprojroot","2.1.1"
"Rsamtools","2.26.0"
"RSpectra","0.16-2"
"RSQLite","2.4.6"
"rstan","2.32.7"
"rstantools","2.6.0"
"rstatix","0.7.3"
"rstudioapi","0.18.0"
"rsvd","1.0.5"
"rtracklayer","1.70.1"
"Rtsne","0.17"
"rversions","3.0.0"
"rvest","1.0.5"
"S4Arrays","1.10.1"
"S4Vectors","0.48.1"
"S7","0.2.2"
"sandwich","3.1-1"
"sass","0.4.10"
"ScaledMatrix","1.18.0"
"scales","1.4.0"
"scater","1.38.1"
"scattermore","1.2"
"scatterpie","0.2.6"
"sccore","1.0.7"
"scDblFinder","1.24.10"
"sceasy","0.0.7"
"scran","1.38.1"
"sctransform","0.4.3"
"scuttle","1.20.0"
"selectr","0.5-1"
"Seqinfo","1.0.0"
"seqLogo","1.76.0"
"sessioninfo","1.2.3"
"Seurat","5.4.0"
"SeuratData","0.2.2.9002"
"SeuratDisk","0.0.0.9021"
"SeuratObject","5.4.0"
"shape","1.4.6.1"
"shiny","1.13.0"
"shinyBS","0.65.0"
"shinydashboard","0.7.3"
"shinyjs","2.1.1"
"Signac","1.17.1"
"SingleCellExperiment","1.32.0"
"SingleR","2.12.0"
"sitmo","2.0.2"
"slam","0.1-55"
"snow","0.4-4"
"SnowballC","0.7.1"
"SoupX","1.6.2"
"sourcetools","0.1.7-2"
"sp","2.2-1"
"spam","2.11-3"
"SparseArray","1.10.10"
"SparseM","1.84-2"
"sparseMatrixStats","1.22.0"
"spatial","7.3-18"
"SpatialExperiment","1.20.0"
"spatstat.data","3.1-9"
"spatstat.explore","3.8-0"
"spatstat.geom","3.7-3"
"spatstat.random","3.4-5"
"spatstat.sparse","3.1-0"
"spatstat.univar","3.1-7"
"spatstat.utils","3.2-2"
"splines","4.5.3"
"StanHeaders","2.32.10"
"statmod","1.5.1"
"stats","4.5.3"
"stats4","4.5.3"
"stringi","1.8.7"
"stringr","1.6.0"
"styler","1.11.0"
"SummarizedExperiment","1.40.0"
"survival","3.8-6"
"svglite","2.2.2"
"sys","3.4.3"
"systemfonts","1.3.2"
"tcltk","4.5.3"
"tensor","1.5.1"
"tensorA","0.36.2.1"
"testthat","3.3.2"
"textshaping","1.0.5"
"TFBSTools","1.48.0"
"TFMPvalue","1.0.0"
"tibble","3.3.1"
"tictoc","1.2.1"
"tidydr","0.0.6"
"tidyr","1.3.2"
"tidyselect","1.2.1"
"tidytree","0.4.7"
"tidyverse","2.0.0"
"timechange","0.4.0"
"timeDate","4052.112"
"tinytex","0.59"
"TMB","1.9.21"
"tools","4.5.3"
"treeio","1.34.0"
"tweenr","2.0.3"
"tzdb","0.5.0"
"UCSC.utils","1.6.1"
"unigd","0.2.0"
"urca","1.3-4"
"urlchecker","1.0.1"
"usethis","3.2.1"
"utf8","1.2.6"
"utils","4.5.3"
"uuid","1.2-2"
"uwot","0.2.4"
"V8","8.1.0"
"variancePartition","1.40.2"
"vctrs","0.7.3"
"vipor","0.4.7"
"viridis","0.6.5"
"viridisLite","0.4.3"
"vroom","1.7.1"
"waldo","0.6.2"
"whisker","0.4.1"
"withr","3.0.2"
"xfun","0.58"
"xgboost","3.2.1.1"
"XML","3.99-0.23"
"xml2","1.5.2"
"xmlparsedata","1.0.5"
"xopen","1.0.1"
"xtable","1.8-8"
"XVector","0.50.0"
"yaml","2.3.12"
"yulab.utils","0.2.4"
"zellkonverter","1.20.1"
"zigg","0.0.2"
"zip","2.3.3"
"zoo","1.8-15"
