"row_grain","arm","collection","term","status","size_in_background","n_arm_hits","hits","p.adjust","p_matched","term_a","term_b","n_a","n_b","n_shared","jaccard","n_union","union_share_of_arm"
"set","WT_heat_up","Hallmark","HALLMARK_HYPOXIA","tested, enriched",171,18,"ADM/ADORA2B/AK4/ANXA2/ATF3/CCN1/CDKN1A/EGFR/F3/FOSL2/HK2/IER3/P4HA2/PDGFB/PLAUR/SDC4/SERPINE1/TGM2",9.75807515e-06,0.00099950025,NA,NA,NA,NA,NA,NA,26,0.130653266
"set","WT_heat_up","GO_BP","GOBP_RESPONSE_TO_OXYGEN_LEVELS","tested, not enriched",274,11,"ADAM8/AK4/EGR1/FOSL2/HK2/INHBA/LTA/NPPC/NR4A2/PAK1/PTGS2",NA,NA,NA,NA,NA,NA,NA,NA,26,0.130653266
"set","WT_heat_up","GO_BP","GOBP_CELLULAR_RESPONSE_TO_OXYGEN_LEVELS","tested, not enriched",142,4,"ADAM8/AK4/INHBA/PTGS2",NA,NA,NA,NA,NA,NA,NA,NA,26,0.130653266
"set","WT_heat_up","GO_BP","GOBP_HYPOXIA_INDUCIBLE_FACTOR_1ALPHA_SIGNALING_PATHWAY","below min_gs_size (7)",7,0,"",NA,NA,NA,NA,NA,NA,NA,NA,26,0.130653266
"set","WT_heat_up","GO_MF",NA,"collection carries no hypoxia set",NA,NA,NA,NA,NA,NA,NA,NA,NA,NA,NA,26,0.130653266
"set","WT_heat_up","KEGG",NA,"collection carries no hypoxia set",NA,NA,NA,NA,NA,NA,NA,NA,NA,NA,NA,26,0.130653266
"set","WT_heat_up","Reactome","REACTOME_CELLULAR_RESPONSE_TO_HYPOXIA","tested, not enriched",61,0,"",NA,NA,NA,NA,NA,NA,NA,NA,26,0.130653266
"set_pair","WT_heat_up",NA,NA,NA,NA,NA,NA,NA,NA,"HALLMARK_HYPOXIA","GOBP_RESPONSE_TO_OXYGEN_LEVELS",18,11,3,0.115384615,26,0.130653266
"set_pair","WT_heat_up",NA,NA,NA,NA,NA,NA,NA,NA,"HALLMARK_HYPOXIA","GOBP_CELLULAR_RESPONSE_TO_OXYGEN_LEVELS",18,4,1,0.0476190476,26,0.130653266
"set_pair","WT_heat_up",NA,NA,NA,NA,NA,NA,NA,NA,"GOBP_RESPONSE_TO_OXYGEN_LEVELS","GOBP_CELLULAR_RESPONSE_TO_OXYGEN_LEVELS",11,4,4,0.363636364,26,0.130653266
"set","KO_heat_up","Hallmark","HALLMARK_HYPOXIA","tested, enriched",171,19,"ADM/ADORA2B/AK4/ANXA2/CAVIN1/CCN1/CDKN1A/EGFR/F3/FOSL2/HK2/IER3/P4HA2/PDGFB/PLAUR/SDC4/SERPINE1/SLC2A1/TGM2",5.57390137e-06,0.00149925037,NA,NA,NA,NA,NA,NA,26,0.119266055
"set","KO_heat_up","GO_BP","GOBP_RESPONSE_TO_OXYGEN_LEVELS","tested, not enriched",274,11,"ADAM8/AK4/EGR1/FOSL2/HK2/INHBA/LTA/NPPC/NR4A2/PAK1/SLC2A1",NA,NA,NA,NA,NA,NA,NA,NA,26,0.119266055
"set","KO_heat_up","GO_BP","GOBP_CELLULAR_RESPONSE_TO_OXYGEN_LEVELS","tested, not enriched",142,3,"ADAM8/AK4/INHBA",NA,NA,NA,NA,NA,NA,NA,NA,26,0.119266055
"set","KO_heat_up","GO_BP","GOBP_HYPOXIA_INDUCIBLE_FACTOR_1ALPHA_SIGNALING_PATHWAY","below min_gs_size (7)",7,0,"",NA,NA,NA,NA,NA,NA,NA,NA,26,0.119266055
"set","KO_heat_up","GO_MF",NA,"collection carries no hypoxia set",NA,NA,NA,NA,NA,NA,NA,NA,NA,NA,NA,26,0.119266055
"set","KO_heat_up","KEGG",NA,"collection carries no hypoxia set",NA,NA,NA,NA,NA,NA,NA,NA,NA,NA,NA,26,0.119266055
"set","KO_heat_up","Reactome","REACTOME_CELLULAR_RESPONSE_TO_HYPOXIA","tested, not enriched",61,0,"",NA,NA,NA,NA,NA,NA,NA,NA,26,0.119266055
"set_pair","KO_heat_up",NA,NA,NA,NA,NA,NA,NA,NA,"HALLMARK_HYPOXIA","GOBP_RESPONSE_TO_OXYGEN_LEVELS",19,11,4,0.153846154,26,0.119266055
"set_pair","KO_heat_up",NA,NA,NA,NA,NA,NA,NA,NA,"HALLMARK_HYPOXIA","GOBP_CELLULAR_RESPONSE_TO_OXYGEN_LEVELS",19,3,1,0.0476190476,26,0.119266055
"set_pair","KO_heat_up",NA,NA,NA,NA,NA,NA,NA,NA,"GOBP_RESPONSE_TO_OXYGEN_LEVELS","GOBP_CELLULAR_RESPONSE_TO_OXYGEN_LEVELS",11,3,3,0.272727273,26,0.119266055
"set","Interaction_up","Hallmark","HALLMARK_HYPOXIA","tested, not enriched",171,0,"",NA,NA,NA,NA,NA,NA,NA,NA,0,0
"set","Interaction_up","GO_BP","GOBP_RESPONSE_TO_OXYGEN_LEVELS","tested, not enriched",274,0,"",NA,NA,NA,NA,NA,NA,NA,NA,0,0
"set","Interaction_up","GO_BP","GOBP_CELLULAR_RESPONSE_TO_OXYGEN_LEVELS","tested, not enriched",142,0,"",NA,NA,NA,NA,NA,NA,NA,NA,0,0
"set","Interaction_up","GO_BP","GOBP_HYPOXIA_INDUCIBLE_FACTOR_1ALPHA_SIGNALING_PATHWAY","below min_gs_size (7)",7,0,"",NA,NA,NA,NA,NA,NA,NA,NA,0,0
"set","Interaction_up","GO_MF",NA,"collection carries no hypoxia set",NA,NA,NA,NA,NA,NA,NA,NA,NA,NA,NA,0,0
"set","Interaction_up","KEGG",NA,"collection carries no hypoxia set",NA,NA,NA,NA,NA,NA,NA,NA,NA,NA,NA,0,0
"set","Interaction_up","Reactome","REACTOME_CELLULAR_RESPONSE_TO_HYPOXIA","tested, not enriched",61,0,"",NA,NA,NA,NA,NA,NA,NA,NA,0,0
"set","Interaction_fdrOnly_up","Hallmark","HALLMARK_HYPOXIA","tested, not enriched",171,0,"",NA,NA,NA,NA,NA,NA,NA,NA,0,0
"set","Interaction_fdrOnly_up","GO_BP","GOBP_RESPONSE_TO_OXYGEN_LEVELS","tested, not enriched",274,0,"",NA,NA,NA,NA,NA,NA,NA,NA,0,0
"set","Interaction_fdrOnly_up","GO_BP","GOBP_CELLULAR_RESPONSE_TO_OXYGEN_LEVELS","tested, not enriched",142,0,"",NA,NA,NA,NA,NA,NA,NA,NA,0,0
"set","Interaction_fdrOnly_up","GO_BP","GOBP_HYPOXIA_INDUCIBLE_FACTOR_1ALPHA_SIGNALING_PATHWAY","below min_gs_size (7)",7,0,"",NA,NA,NA,NA,NA,NA,NA,NA,0,0
"set","Interaction_fdrOnly_up","GO_MF",NA,"collection carries no hypoxia set",NA,NA,NA,NA,NA,NA,NA,NA,NA,NA,NA,0,0
"set","Interaction_fdrOnly_up","KEGG",NA,"collection carries no hypoxia set",NA,NA,NA,NA,NA,NA,NA,NA,NA,NA,NA,0,0
"set","Interaction_fdrOnly_up","Reactome","REACTOME_CELLULAR_RESPONSE_TO_HYPOXIA","tested, not enriched",61,0,"",NA,NA,NA,NA,NA,NA,NA,NA,0,0
