"contrast_a","contrast_b","direction","gate","n_a","n_b","n_intersect","jaccard"
"WT_heat","WT_heat","up","fdr_only",4207,4207,4207,1
"WT_heat","KO_heat","up","fdr_only",4207,4281,3425,0.676476397
"WT_heat","Interaction","up","fdr_only",4207,23,6,0.00142045455
"WT_heat","Geno_at_39","up","fdr_only",4207,59,15,0.00352858151
"WT_heat","Geno_at_37","up","fdr_only",4207,4,2,0.00047517225
"WT_heat","Temp_main","up","fdr_only",4207,5444,4102,0.739232294
"WT_heat","Geno_main","up","fdr_only",4207,56,15,0.00353107345
"KO_heat","WT_heat","up","fdr_only",4281,4207,3425,0.676476397
"KO_heat","KO_heat","up","fdr_only",4281,4281,4281,1
"KO_heat","Interaction","up","fdr_only",4281,23,0,0
"KO_heat","Geno_at_39","up","fdr_only",4281,59,1,0.00023046785
"KO_heat","Geno_at_37","up","fdr_only",4281,4,1,0.000233426704
"KO_heat","Temp_main","up","fdr_only",4281,5444,4174,0.751936588
"KO_heat","Geno_main","up","fdr_only",4281,56,2,0.000461361015
"Interaction","WT_heat","up","fdr_only",23,4207,6,0.00142045455
"Interaction","KO_heat","up","fdr_only",23,4281,0,0
"Interaction","Interaction","up","fdr_only",23,23,23,1
"Interaction","Geno_at_39","up","fdr_only",23,59,23,0.389830508
"Interaction","Geno_at_37","up","fdr_only",23,4,1,0.0384615385
"Interaction","Temp_main","up","fdr_only",23,5444,1,0.00018294914
"Interaction","Geno_main","up","fdr_only",23,56,23,0.410714286
"Geno_at_39","WT_heat","up","fdr_only",59,4207,15,0.00352858151
"Geno_at_39","KO_heat","up","fdr_only",59,4281,1,0.00023046785
"Geno_at_39","Interaction","up","fdr_only",59,23,23,0.389830508
"Geno_at_39","Geno_at_39","up","fdr_only",59,59,59,1
"Geno_at_39","Geno_at_37","up","fdr_only",59,4,4,0.0677966102
"Geno_at_39","Temp_main","up","fdr_only",59,5444,5,0.000909421608
"Geno_at_39","Geno_main","up","fdr_only",59,56,51,0.796875
"Geno_at_37","WT_heat","up","fdr_only",4,4207,2,0.00047517225
"Geno_at_37","KO_heat","up","fdr_only",4,4281,1,0.000233426704
"Geno_at_37","Interaction","up","fdr_only",4,23,1,0.0384615385
"Geno_at_37","Geno_at_39","up","fdr_only",4,59,4,0.0677966102
"Geno_at_37","Geno_at_37","up","fdr_only",4,4,4,1
"Geno_at_37","Temp_main","up","fdr_only",4,5444,1,0.000183587296
"Geno_at_37","Geno_main","up","fdr_only",4,56,4,0.0714285714
"Temp_main","WT_heat","up","fdr_only",5444,4207,4102,0.739232294
"Temp_main","KO_heat","up","fdr_only",5444,4281,4174,0.751936588
"Temp_main","Interaction","up","fdr_only",5444,23,1,0.00018294914
"Temp_main","Geno_at_39","up","fdr_only",5444,59,5,0.000909421608
"Temp_main","Geno_at_37","up","fdr_only",5444,4,1,0.000183587296
"Temp_main","Temp_main","up","fdr_only",5444,5444,5444,1
"Temp_main","Geno_main","up","fdr_only",5444,56,8,0.00145666424
"Geno_main","WT_heat","up","fdr_only",56,4207,15,0.00353107345
"Geno_main","KO_heat","up","fdr_only",56,4281,2,0.000461361015
"Geno_main","Interaction","up","fdr_only",56,23,23,0.410714286
"Geno_main","Geno_at_39","up","fdr_only",56,59,51,0.796875
"Geno_main","Geno_at_37","up","fdr_only",56,4,4,0.0714285714
"Geno_main","Temp_main","up","fdr_only",56,5444,8,0.00145666424
"Geno_main","Geno_main","up","fdr_only",56,56,56,1
"WT_heat","WT_heat","down","fdr_only",4516,4516,4516,1
"WT_heat","KO_heat","down","fdr_only",4516,4620,3775,0.704159672
"WT_heat","Interaction","down","fdr_only",4516,0,0,0
"WT_heat","Geno_at_39","down","fdr_only",4516,5,2,0.000442575791
"WT_heat","Geno_at_37","down","fdr_only",4516,1,0,0
"WT_heat","Temp_main","down","fdr_only",4516,5709,4429,0.764147688
"WT_heat","Geno_main","down","fdr_only",4516,4,1,0.000221287896
"KO_heat","WT_heat","down","fdr_only",4620,4516,3775,0.704159672
"KO_heat","KO_heat","down","fdr_only",4620,4620,4620,1
"KO_heat","Interaction","down","fdr_only",4620,0,0,0
"KO_heat","Geno_at_39","down","fdr_only",4620,5,1,0.000216262976
"KO_heat","Geno_at_37","down","fdr_only",4620,1,0,0
"KO_heat","Temp_main","down","fdr_only",4620,5709,4519,0.777796902
"KO_heat","Geno_main","down","fdr_only",4620,4,1,0.000216309756
"Interaction","WT_heat","down","fdr_only",0,4516,0,0
"Interaction","KO_heat","down","fdr_only",0,4620,0,0
"Interaction","Interaction","down","fdr_only",0,0,0,NA
"Interaction","Geno_at_39","down","fdr_only",0,5,0,0
"Interaction","Geno_at_37","down","fdr_only",0,1,0,0
"Interaction","Temp_main","down","fdr_only",0,5709,0,0
"Interaction","Geno_main","down","fdr_only",0,4,0,0
"Geno_at_39","WT_heat","down","fdr_only",5,4516,2,0.000442575791
"Geno_at_39","KO_heat","down","fdr_only",5,4620,1,0.000216262976
"Geno_at_39","Interaction","down","fdr_only",5,0,0,0
"Geno_at_39","Geno_at_39","down","fdr_only",5,5,5,1
"Geno_at_39","Geno_at_37","down","fdr_only",5,1,1,0.2
"Geno_at_39","Temp_main","down","fdr_only",5,5709,1,0.000175039384
"Geno_at_39","Geno_main","down","fdr_only",5,4,3,0.5
"Geno_at_37","WT_heat","down","fdr_only",1,4516,0,0
"Geno_at_37","KO_heat","down","fdr_only",1,4620,0,0
"Geno_at_37","Interaction","down","fdr_only",1,0,0,0
"Geno_at_37","Geno_at_39","down","fdr_only",1,5,1,0.2
"Geno_at_37","Geno_at_37","down","fdr_only",1,1,1,1
"Geno_at_37","Temp_main","down","fdr_only",1,5709,0,0
"Geno_at_37","Geno_main","down","fdr_only",1,4,1,0.25
"Temp_main","WT_heat","down","fdr_only",5709,4516,4429,0.764147688
"Temp_main","KO_heat","down","fdr_only",5709,4620,4519,0.777796902
"Temp_main","Interaction","down","fdr_only",5709,0,0,0
"Temp_main","Geno_at_39","down","fdr_only",5709,5,1,0.000175039384
"Temp_main","Geno_at_37","down","fdr_only",5709,1,0,0
"Temp_main","Temp_main","down","fdr_only",5709,5709,5709,1
"Temp_main","Geno_main","down","fdr_only",5709,4,1,0.000175070028
"Geno_main","WT_heat","down","fdr_only",4,4516,1,0.000221287896
"Geno_main","KO_heat","down","fdr_only",4,4620,1,0.000216309756
"Geno_main","Interaction","down","fdr_only",4,0,0,0
"Geno_main","Geno_at_39","down","fdr_only",4,5,3,0.5
"Geno_main","Geno_at_37","down","fdr_only",4,1,1,0.25
"Geno_main","Temp_main","down","fdr_only",4,5709,1,0.000175070028
"Geno_main","Geno_main","down","fdr_only",4,4,4,1
"WT_heat","WT_heat","up","fdr_logfc",213,213,213,1
"WT_heat","KO_heat","up","fdr_logfc",213,239,195,0.758754864
"WT_heat","Interaction","up","fdr_logfc",213,9,0,0
"WT_heat","Geno_at_39","up","fdr_logfc",213,17,1,0.00436681223
"WT_heat","Geno_at_37","up","fdr_logfc",213,2,0,0
"WT_heat","Temp_main","up","fdr_logfc",213,216,199,0.865217391
"WT_heat","Geno_main","up","fdr_logfc",213,4,0,0
"KO_heat","WT_heat","up","fdr_logfc",239,213,195,0.758754864
"KO_heat","KO_heat","up","fdr_logfc",239,239,239,1
"KO_heat","Interaction","up","fdr_logfc",239,9,0,0
"KO_heat","Geno_at_39","up","fdr_logfc",239,17,0,0
"KO_heat","Geno_at_37","up","fdr_logfc",239,2,0,0
"KO_heat","Temp_main","up","fdr_logfc",239,216,212,0.872427984
"KO_heat","Geno_main","up","fdr_logfc",239,4,0,0
"Interaction","WT_heat","up","fdr_logfc",9,213,0,0
"Interaction","KO_heat","up","fdr_logfc",9,239,0,0
"Interaction","Interaction","up","fdr_logfc",9,9,9,1
"Interaction","Geno_at_39","up","fdr_logfc",9,17,9,0.529411765
"Interaction","Geno_at_37","up","fdr_logfc",9,2,0,0
"Interaction","Temp_main","up","fdr_logfc",9,216,0,0
"Interaction","Geno_main","up","fdr_logfc",9,4,1,0.0833333333
"Geno_at_39","WT_heat","up","fdr_logfc",17,213,1,0.00436681223
"Geno_at_39","KO_heat","up","fdr_logfc",17,239,0,0
"Geno_at_39","Interaction","up","fdr_logfc",17,9,9,0.529411765
"Geno_at_39","Geno_at_39","up","fdr_logfc",17,17,17,1
"Geno_at_39","Geno_at_37","up","fdr_logfc",17,2,2,0.117647059
"Geno_at_39","Temp_main","up","fdr_logfc",17,216,0,0
"Geno_at_39","Geno_main","up","fdr_logfc",17,4,4,0.235294118
"Geno_at_37","WT_heat","up","fdr_logfc",2,213,0,0
"Geno_at_37","KO_heat","up","fdr_logfc",2,239,0,0
"Geno_at_37","Interaction","up","fdr_logfc",2,9,0,0
"Geno_at_37","Geno_at_39","up","fdr_logfc",2,17,2,0.117647059
"Geno_at_37","Geno_at_37","up","fdr_logfc",2,2,2,1
"Geno_at_37","Temp_main","up","fdr_logfc",2,216,0,0
"Geno_at_37","Geno_main","up","fdr_logfc",2,4,2,0.5
"Temp_main","WT_heat","up","fdr_logfc",216,213,199,0.865217391
"Temp_main","KO_heat","up","fdr_logfc",216,239,212,0.872427984
"Temp_main","Interaction","up","fdr_logfc",216,9,0,0
"Temp_main","Geno_at_39","up","fdr_logfc",216,17,0,0
"Temp_main","Geno_at_37","up","fdr_logfc",216,2,0,0
"Temp_main","Temp_main","up","fdr_logfc",216,216,216,1
"Temp_main","Geno_main","up","fdr_logfc",216,4,0,0
"Geno_main","WT_heat","up","fdr_logfc",4,213,0,0
"Geno_main","KO_heat","up","fdr_logfc",4,239,0,0
"Geno_main","Interaction","up","fdr_logfc",4,9,1,0.0833333333
"Geno_main","Geno_at_39","up","fdr_logfc",4,17,4,0.235294118
"Geno_main","Geno_at_37","up","fdr_logfc",4,2,2,0.5
"Geno_main","Temp_main","up","fdr_logfc",4,216,0,0
"Geno_main","Geno_main","up","fdr_logfc",4,4,4,1
"WT_heat","WT_heat","down","fdr_logfc",126,126,126,1
"WT_heat","KO_heat","down","fdr_logfc",126,153,110,0.650887574
"WT_heat","Interaction","down","fdr_logfc",126,0,0,0
"WT_heat","Geno_at_39","down","fdr_logfc",126,0,0,0
"WT_heat","Geno_at_37","down","fdr_logfc",126,0,0,0
"WT_heat","Temp_main","down","fdr_logfc",126,130,116,0.828571429
"WT_heat","Geno_main","down","fdr_logfc",126,0,0,0
"KO_heat","WT_heat","down","fdr_logfc",153,126,110,0.650887574
"KO_heat","KO_heat","down","fdr_logfc",153,153,153,1
"KO_heat","Interaction","down","fdr_logfc",153,0,0,0
"KO_heat","Geno_at_39","down","fdr_logfc",153,0,0,0
"KO_heat","Geno_at_37","down","fdr_logfc",153,0,0,0
"KO_heat","Temp_main","down","fdr_logfc",153,130,124,0.779874214
"KO_heat","Geno_main","down","fdr_logfc",153,0,0,0
"Interaction","WT_heat","down","fdr_logfc",0,126,0,0
"Interaction","KO_heat","down","fdr_logfc",0,153,0,0
"Interaction","Interaction","down","fdr_logfc",0,0,0,NA
"Interaction","Geno_at_39","down","fdr_logfc",0,0,0,NA
"Interaction","Geno_at_37","down","fdr_logfc",0,0,0,NA
"Interaction","Temp_main","down","fdr_logfc",0,130,0,0
"Interaction","Geno_main","down","fdr_logfc",0,0,0,NA
"Geno_at_39","WT_heat","down","fdr_logfc",0,126,0,0
"Geno_at_39","KO_heat","down","fdr_logfc",0,153,0,0
"Geno_at_39","Interaction","down","fdr_logfc",0,0,0,NA
"Geno_at_39","Geno_at_39","down","fdr_logfc",0,0,0,NA
"Geno_at_39","Geno_at_37","down","fdr_logfc",0,0,0,NA
"Geno_at_39","Temp_main","down","fdr_logfc",0,130,0,0
"Geno_at_39","Geno_main","down","fdr_logfc",0,0,0,NA
"Geno_at_37","WT_heat","down","fdr_logfc",0,126,0,0
"Geno_at_37","KO_heat","down","fdr_logfc",0,153,0,0
"Geno_at_37","Interaction","down","fdr_logfc",0,0,0,NA
"Geno_at_37","Geno_at_39","down","fdr_logfc",0,0,0,NA
"Geno_at_37","Geno_at_37","down","fdr_logfc",0,0,0,NA
"Geno_at_37","Temp_main","down","fdr_logfc",0,130,0,0
"Geno_at_37","Geno_main","down","fdr_logfc",0,0,0,NA
"Temp_main","WT_heat","down","fdr_logfc",130,126,116,0.828571429
"Temp_main","KO_heat","down","fdr_logfc",130,153,124,0.779874214
"Temp_main","Interaction","down","fdr_logfc",130,0,0,0
"Temp_main","Geno_at_39","down","fdr_logfc",130,0,0,0
"Temp_main","Geno_at_37","down","fdr_logfc",130,0,0,0
"Temp_main","Temp_main","down","fdr_logfc",130,130,130,1
"Temp_main","Geno_main","down","fdr_logfc",130,0,0,0
"Geno_main","WT_heat","down","fdr_logfc",0,126,0,0
"Geno_main","KO_heat","down","fdr_logfc",0,153,0,0
"Geno_main","Interaction","down","fdr_logfc",0,0,0,NA
"Geno_main","Geno_at_39","down","fdr_logfc",0,0,0,NA
"Geno_main","Geno_at_37","down","fdr_logfc",0,0,0,NA
"Geno_main","Temp_main","down","fdr_logfc",0,130,0,0
"Geno_main","Geno_main","down","fdr_logfc",0,0,0,NA
