tier,tier_label,experiment,what_it_excludes_or_tests,readout,cost_tier,gate,row_in_tier
0,Tier 0 - exclude the confound,Inactive structural analog / vehicle @ 39C,"Excludes: the effect is heat x drug-cytotoxicity, not a specific perturbed activity",iTreg viability / suppressive function at 39C,cheap,Start here: licensed immediately (the cheap exclusion the deck demands first).,1
0,Tier 0 - exclude the confound,Dose-response of the drug @ 39C,"Tests: is the 39C effect on-target and dose-dependent, or a cytotoxic cliff?",dose vs iTreg readout curve at 39C,cheap,Start here: licensed immediately (the cheap exclusion the deck demands first).,2
0,Tier 0 - exclude the confound,Tconv comparator @ 39C (HIF-agnostic),Excludes: the drug also kills/impairs Tconv at 39C (generic heat x drug toxicity),Tconv viability/proliferation at 39C vs iTreg,cheap,Start here: licensed immediately (the cheap exclusion the deck demands first).,3
1,Tier 1 - is it HIF at all?,Chaperone / proteostasis inhibitor @ 39C,Tests: is the required activity HSP90/HSP70 chaperone dependence (the heat-shock module that dominates fig3l)?,iTreg readout with HSP90/HSP70 block (e.g. 17-AAG / VER-155008) at 39C,medium,Run only AFTER Tier 0 excludes the heat x drug-cytotoxicity confound.,1
1,Tier 1 - is it HIF at all?,Glycolysis inhibitor @ 39C,"Tests: whether the shared glycolytic members (one part of the program, NOT the dominant module) carry the dependency",iTreg readout with 2-DG / glycolysis block at 39C,medium,Run only AFTER Tier 0 excludes the heat x drug-cytotoxicity confound.,2
1,Tier 1 - is it HIF at all?,HSF1 readout / knockdown @ 39C,Tests: is the heat-shock axis (HSF1; fig3n co-elevated) the driver rather than HIF?,iTreg readout vs HSF1 activity / knockdown at 39C,medium,Run only AFTER Tier 0 excludes the heat x drug-cytotoxicity confound.,3
1,Tier 1 - is it HIF at all?,Belzutifan (HIF2a-selective) cross-check,Tests: an alternative the drug cannot exclude -- is a HIF2a-selective block sufficient?,iTreg readout under HIF2a-selective inhibition,medium,Run only AFTER Tier 0 excludes the heat x drug-cytotoxicity confound.,4
2,Tier 2 - isoform genetics (gated),Floxed-Hif1a iTreg @ 39C,Tests: does deleting HIF1a (specifically) abolish the 39C effect?,iTreg readout in Hif1a-cKO vs control at 39C,expensive,Run ONLY after Tiers 0-1 -- do NOT lead with floxed-Hif1a vs floxed-Epas1 genetics.,1
2,Tier 2 - isoform genetics (gated),Floxed-Epas1 (HIF2a) iTreg @ 39C,"Tests: does deleting HIF2a instead abolish it -- which isoform, if either?",iTreg readout in Epas1-cKO vs control at 39C,expensive,Run ONLY after Tiers 0-1 -- do NOT lead with floxed-Hif1a vs floxed-Epas1 genetics.,2
