"contrast","statistic","source","score","rank","direction","axis","key_tf"
"Interaction","consensus","Hsf1",-3.55629673669188,1,"Down","other",FALSE
"Interaction","consensus","Znf331",-3.35869480361029,2,"Down","other",FALSE
"Interaction","consensus","Mtf2",-2.45268810775532,3,"Down","other",FALSE
"Interaction","consensus","Klf1",-2.43092940031719,4,"Down","other",FALSE
"Interaction","consensus","Kdm5a",-2.30962218286343,5,"Down","other",FALSE
"Interaction","consensus","Dmap1",-2.27060266203974,6,"Down","other",FALSE
"Interaction","consensus","Kat2b",-2.2154599082051,7,"Down","other",FALSE
"Interaction","consensus","Pitx1",-2.20932309924726,8,"Down","other",FALSE
"Interaction","consensus","Ascl1",-2.20726885349369,9,"Down","other",FALSE
"Interaction","consensus","Meox2",-2.11611600469852,10,"Down","other",FALSE
"Interaction","consensus","Sox17",-2.10479181231601,11,"Down","other",FALSE
"Interaction","consensus","Lef1",-1.97069241962203,12,"Down","other",FALSE
"Interaction","consensus","Stat1",5.34853525686302,1,"Up","IFN",TRUE
"Interaction","consensus","Irf3",4.11647776586535,2,"Up","IFN",TRUE
"Interaction","consensus","Nfkb",3.72639368780454,3,"Up","other",FALSE
"Interaction","consensus","Irf9",3.53367813730595,4,"Up","other",FALSE
"Interaction","consensus","Stat2",3.36178568090137,5,"Up","IFN",TRUE
"Interaction","consensus","Esr1",3.19780096400513,6,"Up","other",FALSE
"Interaction","consensus","Irf1",2.70165512351639,7,"Up","IFN",TRUE
"Interaction","consensus","Gata3",2.59984658555931,8,"Up","other",FALSE
"Interaction","consensus","Usf2",2.50235395479933,9,"Up","other",FALSE
"Interaction","consensus","Srebf1",2.48438341989308,10,"Up","other",FALSE
"Interaction","consensus","Rela",2.4737303146291,11,"Up","IFN",TRUE
"Interaction","consensus","Nfkb1",2.44589219290574,12,"Up","IFN",TRUE
"Interaction","corr_wsum","Znf331",-18.0603121239768,1,"Down","other",FALSE
"Interaction","corr_wsum","Hsf1",-14.1708413030074,2,"Down","other",FALSE
"Interaction","corr_wsum","Kat2b",-9.71160151057888,3,"Down","other",FALSE
"Interaction","corr_wsum","Meox2",-8.23394455984984,4,"Down","other",FALSE
"Interaction","corr_wsum","Klf1",-8.07933109503043,5,"Down","other",FALSE
"Interaction","corr_wsum","Pitx1",-8.0761787785678,6,"Down","other",FALSE
"Interaction","corr_wsum","Sox17",-7.82452997186199,7,"Down","other",FALSE
"Interaction","corr_wsum","Mtf2",-7.60975297828656,8,"Down","other",FALSE
"Interaction","corr_wsum","Dmap1",-7.40128906808753,9,"Down","other",FALSE
"Interaction","corr_wsum","Kdm5a",-6.5532344678025,10,"Down","other",FALSE
"Interaction","corr_wsum","Nfe2l3",-6.33192618687085,11,"Down","other",FALSE
"Interaction","corr_wsum","Ehf",-5.66674937838378,12,"Down","other",FALSE
"Interaction","corr_wsum","Stat1",151.54271459109,1,"Up","IFN",TRUE
"Interaction","corr_wsum","Nfkb",136.693097909355,2,"Up","other",FALSE
"Interaction","corr_wsum","Esr1",97.7685512484691,3,"Up","other",FALSE
"Interaction","corr_wsum","Rela",91.1350135220143,4,"Up","IFN",TRUE
"Interaction","corr_wsum","Nfkb1",82.6748378960126,5,"Up","IFN",TRUE
"Interaction","corr_wsum","Irf3",79.7773368835195,6,"Up","IFN",TRUE
"Interaction","corr_wsum","Irf1",70.9495367697351,7,"Up","IFN",TRUE
"Interaction","corr_wsum","Gata3",66.6801802275076,8,"Up","other",FALSE
"Interaction","corr_wsum","Usf1",62.7074326946012,9,"Up","other",FALSE
"Interaction","corr_wsum","Srebf1",59.1208650246664,10,"Up","other",FALSE
"Interaction","corr_wsum","Hnf4a",57.1486640717455,11,"Up","other",FALSE
"Interaction","corr_wsum","Stat2",57.0791724345212,12,"Up","IFN",TRUE
"Interaction","mlm","Pml",-2.96931612326638,1,"Down","other",FALSE
"Interaction","mlm","Dmap1",-2.68211893776772,2,"Down","other",FALSE
"Interaction","mlm","Hsf1",-2.66528458151115,3,"Down","other",FALSE
"Interaction","mlm","Kdm5a",-2.49440510689427,4,"Down","other",FALSE
"Interaction","mlm","Pknox1",-2.41624126760049,5,"Down","other",FALSE
"Interaction","mlm","Ascl1",-2.38100499904472,6,"Down","other",FALSE
"Interaction","mlm","Foxf1",-2.33265281024347,7,"Down","other",FALSE
"Interaction","mlm","Egr3",-2.27487185923711,8,"Down","other",FALSE
"Interaction","mlm","Mtf2",-2.27066426791727,9,"Down","other",FALSE
"Interaction","mlm","Ahrr",-2.26738351293759,10,"Down","other",FALSE
"Interaction","mlm","Irf5",-2.12561030341542,11,"Down","other",FALSE
"Interaction","mlm","Prox1",-2.07999919410114,12,"Down","other",FALSE
"Interaction","mlm","Irf9",4.37741253541454,1,"Up","other",FALSE
"Interaction","mlm","Stat1",3.29567761158641,2,"Up","IFN",TRUE
"Interaction","mlm","Irf3",3.18473002068028,3,"Up","IFN",TRUE
"Interaction","mlm","Esr1",2.79426938145481,4,"Up","other",FALSE
"Interaction","mlm","Hand2",2.66111741876825,5,"Up","other",FALSE
"Interaction","mlm","Rfxank",2.4992001152316,6,"Up","other",FALSE
"Interaction","mlm","Mef2d",2.48296769648157,7,"Up","other",FALSE
"Interaction","mlm","Foxa1",2.43950739203527,8,"Up","other",FALSE
"Interaction","mlm","Deaf1",2.42468486042178,9,"Up","other",FALSE
"Interaction","mlm","Eomes",2.37066917926286,10,"Up","other",FALSE
"Interaction","mlm","Maz",2.26634685355855,11,"Up","other",FALSE
"Interaction","mlm","Nr2e1",2.21374505044192,12,"Up","other",FALSE
"Interaction","norm_wsum","Znf331",-2.48540596029837,1,"Down","other",FALSE
"Interaction","norm_wsum","Kat2b",-2.42941022735127,2,"Down","other",FALSE
"Interaction","norm_wsum","Mtf2",-2.40636234742173,3,"Down","other",FALSE
"Interaction","norm_wsum","Klf1",-2.40525267394282,4,"Down","other",FALSE
"Interaction","norm_wsum","Meox2",-2.35335808930144,5,"Down","other",FALSE
"Interaction","norm_wsum","Hsf1",-2.19896745153649,6,"Down","other",FALSE
"Interaction","norm_wsum","Kdm5a",-2.14352309973389,7,"Down","other",FALSE
"Interaction","norm_wsum","Dmap1",-2.0487135090342,8,"Down","other",FALSE
"Interaction","norm_wsum","Nfe2l3",-2.01610039575843,9,"Down","other",FALSE
"Interaction","norm_wsum","Dmtf1",-1.99550498655059,10,"Down","other",FALSE
"Interaction","norm_wsum","Pitx1",-1.88588490106879,11,"Down","other",FALSE
"Interaction","norm_wsum","Ehf",-1.86523253221336,12,"Down","other",FALSE
"Interaction","norm_wsum","Stat2",6.35129970108613,1,"Up","IFN",TRUE
"Interaction","norm_wsum","Irf3",6.13702314158151,2,"Up","IFN",TRUE
"Interaction","norm_wsum","Irf9",5.69560703236396,3,"Up","other",FALSE
"Interaction","norm_wsum","Stat1",4.96165062819422,4,"Up","IFN",TRUE
"Interaction","norm_wsum","Irf1",3.56085972030742,5,"Up","IFN",TRUE
"Interaction","norm_wsum","Srebf1",3.39271344659094,6,"Up","other",FALSE
"Interaction","norm_wsum","Usf2",3.3792174261003,7,"Up","other",FALSE
"Interaction","norm_wsum","Irf2",3.19730889475732,8,"Up","other",FALSE
"Interaction","norm_wsum","Srebf2",2.89160427749704,9,"Up","other",FALSE
"Interaction","norm_wsum","Gata3",2.83569833199296,10,"Up","other",FALSE
"Interaction","norm_wsum","Usf1",2.82064186905036,11,"Up","other",FALSE
"Interaction","norm_wsum","Zfp148",2.78733239699203,12,"Up","other",FALSE
"Interaction","ulm","Znf331",-2.55753651904743,1,"Down","other",FALSE
"Interaction","ulm","Mtf2",-2.55462508080796,2,"Down","other",FALSE
"Interaction","ulm","Meox2",-2.50223546514378,3,"Down","other",FALSE
"Interaction","ulm","Hsf1",-2.28752996922945,4,"Down","other",FALSE
"Interaction","ulm","Kat2b",-2.23583516389785,5,"Down","other",FALSE
"Interaction","ulm","Ehf",-2.13164082002042,6,"Down","other",FALSE
"Interaction","ulm","Kdm5a",-2.10611798559902,7,"Down","other",FALSE
"Interaction","ulm","Nfe2l3",-2.07390070555319,8,"Down","other",FALSE
"Interaction","ulm","Klf1",-2.07337637547626,9,"Down","other",FALSE
"Interaction","ulm","Dmap1",-2.06052081293361,10,"Down","other",FALSE
"Interaction","ulm","Dmtf1",-1.87970603259926,11,"Down","other",FALSE
"Interaction","ulm","Pitx1",-1.80505235102637,12,"Down","other",FALSE
"Interaction","ulm","Irf9",5.98616827907856,1,"Up","other",FALSE
"Interaction","ulm","Irf3",5.92518669575007,2,"Up","IFN",TRUE
"Interaction","ulm","Stat2",5.8487093973095,3,"Up","IFN",TRUE
"Interaction","ulm","Stat1",5.30465364972135,4,"Up","IFN",TRUE
"Interaction","ulm","Irf2",3.39797316082186,5,"Up","other",FALSE
"Interaction","ulm","Irf1",3.38168906879224,6,"Up","IFN",TRUE
"Interaction","ulm","Usf2",3.31342846646262,7,"Up","other",FALSE
"Interaction","ulm","Srebf1",3.28387908233416,8,"Up","other",FALSE
"Interaction","ulm","Gata3",2.90188734519781,9,"Up","other",FALSE
"Interaction","ulm","Srebf2",2.67855791743555,10,"Up","other",FALSE
"Interaction","ulm","Usf1",2.66579017082341,11,"Up","other",FALSE
"Interaction","ulm","Zfp148",2.62217280936019,12,"Up","other",FALSE
"Interaction","wsum","Hsf1",-16.5959791340186,1,"Down","other",FALSE
"Interaction","wsum","Pparg",-14.1702213719985,2,"Down","other",FALSE
"Interaction","wsum","Lef1",-12.3641665797051,3,"Down","other",FALSE
"Interaction","wsum","Znf331",-10.6301536094718,4,"Down","other",FALSE
"Interaction","wsum","Ascl1",-9.84838177395711,5,"Down","other",FALSE
"Interaction","wsum","Myog",-9.3477691390869,6,"Down","other",FALSE
"Interaction","wsum","Sox17",-9.16358692965998,7,"Down","other",FALSE
"Interaction","wsum","E2f4",-9.08005965201307,8,"Down","other",FALSE
"Interaction","wsum","Pou2f1",-8.56544049580737,9,"Down","other",FALSE
"Interaction","wsum","Nr3c1",-8.15046358236891,10,"Down","other",FALSE
"Interaction","wsum","E2f2",-8.06034238800649,11,"Down","other",FALSE
"Interaction","wsum","Kat2b",-7.94828452672902,12,"Down","other",FALSE
"Interaction","wsum","Stat1",89.1968158380261,1,"Up","IFN",TRUE
"Interaction","wsum","Nfkb",80.4564515915491,2,"Up","other",FALSE
"Interaction","wsum","Esr1",57.545778323896,3,"Up","other",FALSE
"Interaction","wsum","Rela",53.6413316829753,4,"Up","IFN",TRUE
"Interaction","wsum","Nfkb1",48.6617407517581,5,"Up","IFN",TRUE
"Interaction","wsum","Irf3",46.9562950963914,6,"Up","IFN",TRUE
"Interaction","wsum","Irf1",41.7603233657225,7,"Up","IFN",TRUE
"Interaction","wsum","Cebpb",39.4972535581381,8,"Up","other",FALSE
"Interaction","wsum","Gata3",39.2474146437724,9,"Up","other",FALSE
"Interaction","wsum","Usf1",36.909087585162,10,"Up","other",FALSE
"Interaction","wsum","Srebf1",34.7980628697278,11,"Up","other",FALSE
"Interaction","wsum","Hnf4a",33.6372413438105,12,"Up","other",FALSE
"KO_heat","consensus","Foxo3",-4.62566609194986,1,"Down","other",FALSE
"KO_heat","consensus","Srebf1",-3.21137063007749,2,"Down","other",FALSE
"KO_heat","consensus","Srebf2",-3.06974364606821,3,"Down","other",FALSE
"KO_heat","consensus","Zeb1",-2.68543412013622,4,"Down","other",FALSE
"KO_heat","consensus","Irf3",-2.60775083087406,5,"Down","IFN",TRUE
"KO_heat","consensus","Smad7",-2.24772597163523,6,"Down","other",FALSE
"KO_heat","consensus","Hic1",-2.22767347605225,7,"Down","other",FALSE
"KO_heat","consensus","Irf9",-2.18949401892417,8,"Down","other",FALSE
"KO_heat","consensus","Nr1d1",-1.95577915104519,9,"Down","other",FALSE
"KO_heat","consensus","Brca1",-1.93735296891367,10,"Down","other",FALSE
"KO_heat","consensus","Irf1",-1.91088594695086,11,"Down","IFN",TRUE
"KO_heat","consensus","Stat2",-1.91016376188278,12,"Down","IFN",TRUE
"KO_heat","consensus","Sp1",4.22371452887594,1,"Up","other",FALSE
"KO_heat","consensus","Jun",3.70531977129254,2,"Up","other",FALSE
"KO_heat","consensus","Hif1a",3.02008662858916,3,"Up","HIF",TRUE
"KO_heat","consensus","Fos",3.00550010134708,4,"Up","other",FALSE
"KO_heat","consensus","Egr1",2.92152926562598,5,"Up","other",FALSE
"KO_heat","consensus","Nfkb",2.905774281399,6,"Up","other",FALSE
"KO_heat","consensus","Rela",2.86553772107448,7,"Up","IFN",TRUE
"KO_heat","consensus","Nfkb1",2.72314756881654,8,"Up","IFN",TRUE
"KO_heat","consensus","Trp53",2.48745368627155,9,"Up","other",FALSE
"KO_heat","consensus","Stat3",2.37673343163311,10,"Up","other",FALSE
"KO_heat","consensus","Sp3",2.33216251305404,11,"Up","other",FALSE
"KO_heat","consensus","Stat5a",2.24593135386651,12,"Up","other",FALSE
"KO_heat","corr_wsum","Foxo3",-384.113223230248,1,"Down","other",FALSE
"KO_heat","corr_wsum","Srebf1",-280.268753917219,2,"Down","other",FALSE
"KO_heat","corr_wsum","Srebf2",-201.287798630189,3,"Down","other",FALSE
"KO_heat","corr_wsum","Irf3",-189.095265642505,4,"Down","IFN",TRUE
"KO_heat","corr_wsum","Zeb1",-180.9610289647,5,"Down","other",FALSE
"KO_heat","corr_wsum","Smad7",-155.723196333327,6,"Down","other",FALSE
"KO_heat","corr_wsum","Ikzf1",-116.433542937374,7,"Down","other",FALSE
"KO_heat","corr_wsum","Irf9",-116.178445940586,8,"Down","other",FALSE
"KO_heat","corr_wsum","Stat2",-114.539790196715,9,"Down","IFN",TRUE
"KO_heat","corr_wsum","Hic1",-113.720401499769,10,"Down","other",FALSE
"KO_heat","corr_wsum","Hdac1",-107.933876282801,11,"Down","other",FALSE
"KO_heat","corr_wsum","Klf2",-105.422130595724,12,"Down","other",FALSE
"KO_heat","corr_wsum","Sp1",987.465733874623,1,"Up","other",FALSE
"KO_heat","corr_wsum","Jun",870.069042245806,2,"Up","other",FALSE
"KO_heat","corr_wsum","Nfkb",666.598055091804,3,"Up","other",FALSE
"KO_heat","corr_wsum","Rela",653.637374806057,4,"Up","IFN",TRUE
"KO_heat","corr_wsum","Hif1a",632.123063256885,5,"Up","HIF",TRUE
"KO_heat","corr_wsum","Egr1",607.297418069678,6,"Up","other",FALSE
"KO_heat","corr_wsum","Nfkb1",565.405718899149,7,"Up","IFN",TRUE
"KO_heat","corr_wsum","Fos",563.611301945162,8,"Up","other",FALSE
"KO_heat","corr_wsum","Ap1",508.196578201553,9,"Up","other",FALSE
"KO_heat","corr_wsum","Sp3",475.884488224868,10,"Up","other",FALSE
"KO_heat","corr_wsum","Stat3",470.520910461685,11,"Up","other",FALSE
"KO_heat","corr_wsum","Trp53",469.117351442726,12,"Up","other",FALSE
"KO_heat","mlm","Foxo3",-4.72154103349042,1,"Down","other",FALSE
"KO_heat","mlm","Nr1d1",-4.30058517837316,2,"Down","other",FALSE
"KO_heat","mlm","Trps1",-3.81118109452474,3,"Down","other",FALSE
"KO_heat","mlm","Brca1",-3.79920851954293,4,"Down","other",FALSE
"KO_heat","mlm","Spib",-3.49794654621093,5,"Down","other",FALSE
"KO_heat","mlm","Mitf",-3.41833857791734,6,"Down","other",FALSE
"KO_heat","mlm","Irf1",-3.30744691199199,7,"Down","IFN",TRUE
"KO_heat","mlm","Klf7",-3.0651203554231,8,"Down","other",FALSE
"KO_heat","mlm","Lmo4",-3.0298644982458,9,"Down","other",FALSE
"KO_heat","mlm","Esr1",-3.01580136848382,10,"Down","other",FALSE
"KO_heat","mlm","Hoxa9",-2.94797952316252,11,"Down","other",FALSE
"KO_heat","mlm","Srebf2",-2.92752756663185,12,"Down","other",FALSE
"KO_heat","mlm","Thap11",4.41035504928877,1,"Up","other",FALSE
"KO_heat","mlm","Tox3",4.00842918373988,2,"Up","other",FALSE
"KO_heat","mlm","Onecut1",3.91770519518756,3,"Up","other",FALSE
"KO_heat","mlm","Hoxd3",3.52311853447874,4,"Up","other",FALSE
"KO_heat","mlm","Sin3a",3.47411199789203,5,"Up","other",FALSE
"KO_heat","mlm","Hsf2",3.44045408102013,6,"Up","other",FALSE
"KO_heat","mlm","Sirt1",3.25388359287733,7,"Up","other",FALSE
"KO_heat","mlm","Irf5",3.23624237139444,8,"Up","other",FALSE
"KO_heat","mlm","Hoxa13",3.15390292657599,9,"Up","other",FALSE
"KO_heat","mlm","Tbx15",3.11611206693826,10,"Up","other",FALSE
"KO_heat","mlm","Pknox1",3.0802849285014,11,"Up","other",FALSE
"KO_heat","mlm","Tbx5",3.01776545559124,12,"Up","other",FALSE
"KO_heat","norm_wsum","Srebf2",-4.90604854201265,1,"Down","other",FALSE
"KO_heat","norm_wsum","Foxo3",-4.41805184036018,2,"Down","other",FALSE
"KO_heat","norm_wsum","Srebf1",-3.88069347470863,3,"Down","other",FALSE
"KO_heat","norm_wsum","Irf9",-3.82423339256322,4,"Down","other",FALSE
"KO_heat","norm_wsum","Smarca4",-3.59182267854848,5,"Down","other",FALSE
"KO_heat","norm_wsum","Irf3",-3.5625603453481,6,"Down","IFN",TRUE
"KO_heat","norm_wsum","Zeb1",-3.55842781500572,7,"Down","other",FALSE
"KO_heat","norm_wsum","Hic1",-3.55586901678064,8,"Down","other",FALSE
"KO_heat","norm_wsum","Klf17",-3.3421583599517,9,"Down","other",FALSE
"KO_heat","norm_wsum","Foxf2",-3.28271969209976,10,"Down","other",FALSE
"KO_heat","norm_wsum","Spib",-3.20113148225345,11,"Down","other",FALSE
"KO_heat","norm_wsum","Rfxank",-3.15587504834091,12,"Down","other",FALSE
"KO_heat","norm_wsum","Egr1",6.44025433554636,1,"Up","other",FALSE
"KO_heat","norm_wsum","Hif1a",5.62993732925626,2,"Up","HIF",TRUE
"KO_heat","norm_wsum","Jun",5.39754811498666,3,"Up","other",FALSE
"KO_heat","norm_wsum","Ncoa1",5.31560396499857,4,"Up","other",FALSE
"KO_heat","norm_wsum","Hoxd3",5.31134016772604,5,"Up","other",FALSE
"KO_heat","norm_wsum","Sp1",5.21981324497758,6,"Up","other",FALSE
"KO_heat","norm_wsum","Hsf2",5.12327793420626,7,"Up","other",FALSE
"KO_heat","norm_wsum","Rela",5.11466086277585,8,"Up","IFN",TRUE
"KO_heat","norm_wsum","Stat5a",4.86252771359785,9,"Up","other",FALSE
"KO_heat","norm_wsum","Jund",4.77503934418096,10,"Up","other",FALSE
"KO_heat","norm_wsum","Nfkb",4.73980238789347,11,"Up","other",FALSE
"KO_heat","norm_wsum","Fos",4.59510196194498,12,"Up","other",FALSE
"KO_heat","ulm","Foxo3",-3.82063596951706,1,"Down","other",FALSE
"KO_heat","ulm","Srebf1",-3.65672078205977,2,"Down","other",FALSE
"KO_heat","ulm","Srebf2",-3.65586639165853,3,"Down","other",FALSE
"KO_heat","ulm","Hic1",-3.65267658493192,4,"Down","other",FALSE
"KO_heat","ulm","Irf9",-3.63932380910065,5,"Down","other",FALSE
"KO_heat","ulm","Aip",-3.63300463402874,6,"Down","other",FALSE
"KO_heat","ulm","Zeb1",-3.62446637483881,7,"Down","other",FALSE
"KO_heat","ulm","Foxf2",-3.46833261534651,8,"Down","other",FALSE
"KO_heat","ulm","Klf17",-3.32214406246757,9,"Down","other",FALSE
"KO_heat","ulm","Tbx3",-3.24157585414203,10,"Down","other",FALSE
"KO_heat","ulm","Irf3",-3.16342362304438,11,"Down","IFN",TRUE
"KO_heat","ulm","Rfxap",-3.14640124478719,12,"Down","other",FALSE
"KO_heat","ulm","Jun",5.89085213085906,1,"Up","other",FALSE
"KO_heat","ulm","Egr1",5.26581217490146,2,"Up","other",FALSE
"KO_heat","ulm","Fos",5.21823032070378,3,"Up","other",FALSE
"KO_heat","ulm","Sp1",5.14324847236174,4,"Up","other",FALSE
"KO_heat","ulm","Ncoa1",5.0757456881116,5,"Up","other",FALSE
"KO_heat","ulm","Hoxd3",5.06437588163842,6,"Up","other",FALSE
"KO_heat","ulm","Hif1a",5.0261507749975,7,"Up","HIF",TRUE
"KO_heat","ulm","Jund",4.94173065333866,8,"Up","other",FALSE
"KO_heat","ulm","Stat5a",4.89182799320492,9,"Up","other",FALSE
"KO_heat","ulm","Rela",4.77832812335713,10,"Up","IFN",TRUE
"KO_heat","ulm","Hsf2",4.70945704516217,11,"Up","other",FALSE
"KO_heat","ulm","Nfkb1",4.63660858909207,12,"Up","IFN",TRUE
"KO_heat","wsum","Foxo3",-226.085935743383,1,"Down","other",FALSE
"KO_heat","wsum","Srebf1",-164.963921200452,2,"Down","other",FALSE
"KO_heat","wsum","Srebf2",-118.476369869081,3,"Down","other",FALSE
"KO_heat","wsum","Irf3",-111.299943589296,4,"Down","IFN",TRUE
"KO_heat","wsum","Zeb1",-106.512197686163,5,"Down","other",FALSE
"KO_heat","wsum","Irf1",-95.5916596510416,6,"Down","IFN",TRUE
"KO_heat","wsum","Smad7",-91.6574135716926,7,"Down","other",FALSE
"KO_heat","wsum","Nr1i2",-81.8474459264545,8,"Down","other",FALSE
"KO_heat","wsum","Ppara",-80.0846541746908,9,"Down","other",FALSE
"KO_heat","wsum","Hdac1",-77.2092333098989,10,"Down","other",FALSE
"KO_heat","wsum","Klf2",-75.4124854727271,11,"Down","other",FALSE
"KO_heat","wsum","Nr1h3",-73.5495974752183,12,"Down","other",FALSE
"KO_heat","wsum","Sp1",581.214342427746,1,"Up","other",FALSE
"KO_heat","wsum","Jun",512.115599466302,2,"Up","other",FALSE
"KO_heat","wsum","Nfkb",392.354222493951,3,"Up","other",FALSE
"KO_heat","wsum","Rela",384.725670928786,4,"Up","IFN",TRUE
"KO_heat","wsum","Hif1a",372.062521200265,5,"Up","HIF",TRUE
"KO_heat","wsum","Egr1",357.450347280862,6,"Up","other",FALSE
"KO_heat","wsum","Trp53",335.577598847293,7,"Up","other",FALSE
"KO_heat","wsum","Nfkb1",332.793232050096,8,"Up","IFN",TRUE
"KO_heat","wsum","Fos",331.737052747691,9,"Up","other",FALSE
"KO_heat","wsum","Ap1",299.120394653562,10,"Up","other",FALSE
"KO_heat","wsum","Sp3",280.101759895903,11,"Up","other",FALSE
"KO_heat","wsum","Stat3",276.944801415473,12,"Up","other",FALSE
"Temp_main","consensus","Foxo3",-4.67229668338645,1,"Down","other",FALSE
"Temp_main","consensus","Srebf1",-2.93100842172743,2,"Down","other",FALSE
"Temp_main","consensus","Srebf2",-2.87932678628175,3,"Down","other",FALSE
"Temp_main","consensus","Zeb1",-2.6843635836512,4,"Down","other",FALSE
"Temp_main","consensus","Smad7",-2.38808949300754,5,"Down","other",FALSE
"Temp_main","consensus","Hic1",-2.31673727631903,6,"Down","other",FALSE
"Temp_main","consensus","Spib",-2.05807650936793,7,"Down","other",FALSE
"Temp_main","consensus","Irf3",-1.95995363483565,8,"Down","IFN",TRUE
"Temp_main","consensus","Klf2",-1.95364359784022,9,"Down","other",FALSE
"Temp_main","consensus","Tbx3",-1.94619444293718,10,"Down","other",FALSE
"Temp_main","consensus","Ikzf1",-1.91759788449702,11,"Down","other",FALSE
"Temp_main","consensus","Nr1d1",-1.89731618129771,12,"Down","other",FALSE
"Temp_main","consensus","Sp1",4.19918931811447,1,"Up","other",FALSE
"Temp_main","consensus","Jun",3.65126949228864,2,"Up","other",FALSE
"Temp_main","consensus","Nfkb",3.17894751149746,3,"Up","other",FALSE
"Temp_main","consensus","Rela",3.03530454499133,4,"Up","IFN",TRUE
"Temp_main","consensus","Fos",2.9803405185782,5,"Up","other",FALSE
"Temp_main","consensus","Hif1a",2.96652348055442,6,"Up","HIF",TRUE
"Temp_main","consensus","Egr1",2.94546955200838,7,"Up","other",FALSE
"Temp_main","consensus","Nfkb1",2.88836307189889,8,"Up","IFN",TRUE
"Temp_main","consensus","Trp53",2.56055155872337,9,"Up","other",FALSE
"Temp_main","consensus","Stat3",2.42181349339062,10,"Up","other",FALSE
"Temp_main","consensus","Sp3",2.35641192047916,11,"Up","other",FALSE
"Temp_main","consensus","Stat5a",2.29695994162823,12,"Up","other",FALSE
"Temp_main","corr_wsum","Foxo3",-509.228186019754,1,"Down","other",FALSE
"Temp_main","corr_wsum","Srebf1",-337.239007874472,2,"Down","other",FALSE
"Temp_main","corr_wsum","Srebf2",-249.716004907033,3,"Down","other",FALSE
"Temp_main","corr_wsum","Zeb1",-239.437311464542,4,"Down","other",FALSE
"Temp_main","corr_wsum","Smad7",-218.442169434975,5,"Down","other",FALSE
"Temp_main","corr_wsum","Irf3",-187.643752368654,6,"Down","IFN",TRUE
"Temp_main","corr_wsum","Hic1",-157.532973672087,7,"Down","other",FALSE
"Temp_main","corr_wsum","Ikzf1",-156.895122670284,8,"Down","other",FALSE
"Temp_main","corr_wsum","Klf2",-149.060451707984,9,"Down","other",FALSE
"Temp_main","corr_wsum","Hdac1",-128.253711078207,10,"Down","other",FALSE
"Temp_main","corr_wsum","Tbx3",-123.603600332183,11,"Down","other",FALSE
"Temp_main","corr_wsum","Irf9",-120.89968571262,12,"Down","other",FALSE
"Temp_main","corr_wsum","Sp1",1453.21189852909,1,"Up","other",FALSE
"Temp_main","corr_wsum","Jun",1258.52168405287,2,"Up","other",FALSE
"Temp_main","corr_wsum","Nfkb",1079.40510807171,3,"Up","other",FALSE
"Temp_main","corr_wsum","Rela",1015.51785384669,4,"Up","IFN",TRUE
"Temp_main","corr_wsum","Hif1a",906.827981606167,5,"Up","HIF",TRUE
"Temp_main","corr_wsum","Egr1",893.042608612308,6,"Up","other",FALSE
"Temp_main","corr_wsum","Nfkb1",882.279273806498,7,"Up","IFN",TRUE
"Temp_main","corr_wsum","Fos",824.797528678847,8,"Up","other",FALSE
"Temp_main","corr_wsum","Trp53",817.302383149117,9,"Up","other",FALSE
"Temp_main","corr_wsum","Ap1",763.603904002804,10,"Up","other",FALSE
"Temp_main","corr_wsum","Stat3",711.508548228269,11,"Up","other",FALSE
"Temp_main","corr_wsum","Sp3",709.902249194114,12,"Up","other",FALSE
"Temp_main","mlm","Foxo3",-4.68470747903297,1,"Down","other",FALSE
"Temp_main","mlm","Nr1d1",-4.08509587008295,2,"Down","other",FALSE
"Temp_main","mlm","Spib",-3.92342825415448,3,"Down","other",FALSE
"Temp_main","mlm","Trps1",-3.85337421313936,4,"Down","other",FALSE
"Temp_main","mlm","Mitf",-3.79480403704628,5,"Down","other",FALSE
"Temp_main","mlm","Brca1",-3.79224040138779,6,"Down","other",FALSE
"Temp_main","mlm","Irf1",-3.25573169868293,7,"Down","IFN",TRUE
"Temp_main","mlm","Hoxa9",-3.08722928498251,8,"Down","other",FALSE
"Temp_main","mlm","Klf7",-2.98957536164531,9,"Down","other",FALSE
"Temp_main","mlm","Runx3",-2.88043824659759,10,"Down","other",FALSE
"Temp_main","mlm","Hic1",-2.85948947864776,11,"Down","other",FALSE
"Temp_main","mlm","Lmo4",-2.8047554238853,12,"Down","other",FALSE
"Temp_main","mlm","Thap11",4.54614508035105,1,"Up","other",FALSE
"Temp_main","mlm","Tox3",4.2553375619003,2,"Up","other",FALSE
"Temp_main","mlm","Onecut1",3.84339063036837,3,"Up","other",FALSE
"Temp_main","mlm","Hoxd3",3.55686935005474,4,"Up","other",FALSE
"Temp_main","mlm","Sirt1",3.50651083903154,5,"Up","other",FALSE
"Temp_main","mlm","Sin3a",3.3953594130478,6,"Up","other",FALSE
"Temp_main","mlm","Hsf2",3.35555280054283,7,"Up","other",FALSE
"Temp_main","mlm","Tbx5",3.22734077798951,8,"Up","other",FALSE
"Temp_main","mlm","Hoxa13",3.03160332629943,9,"Up","other",FALSE
"Temp_main","mlm","Tbx15",3.0314933779241,10,"Up","other",FALSE
"Temp_main","mlm","Msx1",2.98189887404871,11,"Up","other",FALSE
"Temp_main","mlm","Irf5",2.97002855679022,12,"Up","other",FALSE
"Temp_main","norm_wsum","Srebf2",-4.34256311513405,1,"Down","other",FALSE
"Temp_main","norm_wsum","Foxo3",-4.27970063388573,2,"Down","other",FALSE
"Temp_main","norm_wsum","Smarca4",-3.7339509297734,3,"Down","other",FALSE
"Temp_main","norm_wsum","Hic1",-3.51637949630798,4,"Down","other",FALSE
"Temp_main","norm_wsum","Zeb1",-3.5141855523561,5,"Down","other",FALSE
"Temp_main","norm_wsum","Spib",-3.45633042890671,6,"Down","other",FALSE
"Temp_main","norm_wsum","Srebf1",-3.40158055385564,7,"Down","other",FALSE
"Temp_main","norm_wsum","Tbx3",-3.33133541458838,8,"Down","other",FALSE
"Temp_main","norm_wsum","Klf17",-3.2555854156955,9,"Down","other",FALSE
"Temp_main","norm_wsum","Smad7",-3.18965330269963,10,"Down","other",FALSE
"Temp_main","norm_wsum","Aip",-3.12796773926507,11,"Down","other",FALSE
"Temp_main","norm_wsum","Mlxip",-3.12373797197764,12,"Down","other",FALSE
"Temp_main","norm_wsum","Egr1",6.91911051706959,1,"Up","other",FALSE
"Temp_main","norm_wsum","Rela",5.93347552746376,2,"Up","IFN",TRUE
"Temp_main","norm_wsum","Hif1a",5.83787788534317,3,"Up","HIF",TRUE
"Temp_main","norm_wsum","Jun",5.65937479869313,4,"Up","other",FALSE
"Temp_main","norm_wsum","Sp1",5.55392992969384,5,"Up","other",FALSE
"Temp_main","norm_wsum","Hoxd3",5.40440628436922,6,"Up","other",FALSE
"Temp_main","norm_wsum","Ncoa1",5.3698249147585,7,"Up","other",FALSE
"Temp_main","norm_wsum","Nfkb",5.33767476462039,8,"Up","other",FALSE
"Temp_main","norm_wsum","Hsf2",5.21188075485696,9,"Up","other",FALSE
"Temp_main","norm_wsum","Stat5a",5.14129895997268,10,"Up","other",FALSE
"Temp_main","norm_wsum","Nfkb1",4.97383157725036,11,"Up","IFN",TRUE
"Temp_main","norm_wsum","Jund",4.93041165384487,12,"Up","other",FALSE
"Temp_main","ulm","Foxo3",-3.72215717767326,1,"Down","other",FALSE
"Temp_main","ulm","Aip",-3.72033662474848,2,"Down","other",FALSE
"Temp_main","ulm","Hic1",-3.67810337554968,3,"Down","other",FALSE
"Temp_main","ulm","Zeb1",-3.47453596208557,4,"Down","other",FALSE
"Temp_main","ulm","Tbx3",-3.33551307874555,5,"Down","other",FALSE
"Temp_main","ulm","Srebf2",-3.31427797980188,6,"Down","other",FALSE
"Temp_main","ulm","Smarca4",-3.26711313932636,7,"Down","other",FALSE
"Temp_main","ulm","Klf17",-3.24652273507861,8,"Down","other",FALSE
"Temp_main","ulm","Foxf2",-3.2383661336956,9,"Down","other",FALSE
"Temp_main","ulm","Srebf1",-3.21487709460786,10,"Down","other",FALSE
"Temp_main","ulm","Smad7",-3.01603097131778,11,"Down","other",FALSE
"Temp_main","ulm","Rfxap",-2.99003255659592,12,"Down","other",FALSE
"Temp_main","ulm","Jun",6.06145105202412,1,"Up","other",FALSE
"Temp_main","ulm","Egr1",5.5419118789059,2,"Up","other",FALSE
"Temp_main","ulm","Fos",5.45529839529043,3,"Up","other",FALSE
"Temp_main","ulm","Sp1",5.29319700646897,4,"Up","other",FALSE
"Temp_main","ulm","Stat5a",5.2736875232303,5,"Up","other",FALSE
"Temp_main","ulm","Rela",5.24945294657549,6,"Up","IFN",TRUE
"Temp_main","ulm","Ncoa1",5.2492918284642,7,"Up","other",FALSE
"Temp_main","ulm","Hoxd3",5.20100597089766,8,"Up","other",FALSE
"Temp_main","ulm","Hif1a",5.13626310899169,9,"Up","HIF",TRUE
"Temp_main","ulm","Nfkb1",5.12470586395053,10,"Up","IFN",TRUE
"Temp_main","ulm","Jund",5.10057668750646,11,"Up","other",FALSE
"Temp_main","ulm","Nfkb",4.81159529401684,12,"Up","other",FALSE
"Temp_main","wsum","Foxo3",-299.727590669717,1,"Down","other",FALSE
"Temp_main","wsum","Srebf1",-198.496151794198,2,"Down","other",FALSE
"Temp_main","wsum","Srebf2",-146.980820302726,3,"Down","other",FALSE
"Temp_main","wsum","Zeb1",-140.930864496409,4,"Down","other",FALSE
"Temp_main","wsum","Smad7",-128.573293747082,5,"Down","other",FALSE
"Temp_main","wsum","Irf3",-110.445594618952,6,"Down","IFN",TRUE
"Temp_main","wsum","Foxo1",-108.156592532061,7,"Down","other",FALSE
"Temp_main","wsum","Klf2",-106.628646997222,8,"Down","other",FALSE
"Temp_main","wsum","Hdac1",-104.966929105159,9,"Down","other",FALSE
"Temp_main","wsum","Ppara",-104.791787233812,10,"Down","other",FALSE
"Temp_main","wsum","Irf1",-93.4266981625335,11,"Down","IFN",TRUE
"Temp_main","wsum","Hic1",-92.7226338723107,12,"Down","other",FALSE
"Temp_main","wsum","Sp1",855.348767088461,1,"Up","other",FALSE
"Temp_main","wsum","Jun",740.755681878399,2,"Up","other",FALSE
"Temp_main","wsum","Nfkb",635.329114296845,3,"Up","other",FALSE
"Temp_main","wsum","Rela",597.725593303552,4,"Up","IFN",TRUE
"Temp_main","wsum","Hif1a",533.751613796483,5,"Up","HIF",TRUE
"Temp_main","wsum","Egr1",525.637654775031,6,"Up","other",FALSE
"Temp_main","wsum","Nfkb1",519.30244298298,7,"Up","IFN",TRUE
"Temp_main","wsum","Fos",485.469152824267,8,"Up","other",FALSE
"Temp_main","wsum","Trp53",481.057570800687,9,"Up","other",FALSE
"Temp_main","wsum","Ap1",449.451080392223,10,"Up","other",FALSE
"Temp_main","wsum","Stat3",418.788175431229,11,"Up","other",FALSE
"Temp_main","wsum","Sp3",417.842720814576,12,"Up","other",FALSE
"WT_heat","consensus","Foxo3",-4.64698446318472,1,"Down","other",FALSE
"WT_heat","consensus","Zeb1",-2.63555939780554,2,"Down","other",FALSE
"WT_heat","consensus","Srebf2",-2.6115826060037,3,"Down","other",FALSE
"WT_heat","consensus","Srebf1",-2.55500557943591,4,"Down","other",FALSE
"WT_heat","consensus","Smad7",-2.50536681259447,5,"Down","other",FALSE
"WT_heat","consensus","Hic1",-2.37931415257505,6,"Down","other",FALSE
"WT_heat","consensus","Spib",-2.27618507977004,7,"Down","other",FALSE
"WT_heat","consensus","Klf2",-2.15980598186642,8,"Down","other",FALSE
"WT_heat","consensus","Tbx3",-2.04266106798285,9,"Down","other",FALSE
"WT_heat","consensus","Smarca4",-1.9913554149353,10,"Down","other",FALSE
"WT_heat","consensus","Ikzf1",-1.91089146955353,11,"Down","other",FALSE
"WT_heat","consensus","Nr1d1",-1.88397278632355,12,"Down","other",FALSE
"WT_heat","consensus","Sp1",4.13649406737477,1,"Up","other",FALSE
"WT_heat","consensus","Jun",3.57935798823643,2,"Up","other",FALSE
"WT_heat","consensus","Nfkb",3.40718016404304,3,"Up","other",FALSE
"WT_heat","consensus","Rela",3.17907449564078,4,"Up","IFN",TRUE
"WT_heat","consensus","Nfkb1",3.02035411929374,5,"Up","IFN",TRUE
"WT_heat","consensus","Egr1",2.9400388583623,6,"Up","other",FALSE
"WT_heat","consensus","Fos",2.92769088409986,7,"Up","other",FALSE
"WT_heat","consensus","Hif1a",2.88979033116102,8,"Up","HIF",TRUE
"WT_heat","consensus","Trp53",2.46290824293866,9,"Up","other",FALSE
"WT_heat","consensus","Stat3",2.43783363003022,10,"Up","other",FALSE
"WT_heat","consensus","Sp3",2.35808531590102,11,"Up","other",FALSE
"WT_heat","consensus","Stat5a",2.32780948386084,12,"Up","other",FALSE
"WT_heat","corr_wsum","Foxo3",-336.044183781538,1,"Down","other",FALSE
"WT_heat","corr_wsum","Srebf1",-196.659224780106,2,"Down","other",FALSE
"WT_heat","corr_wsum","Zeb1",-157.654464246607,3,"Down","other",FALSE
"WT_heat","corr_wsum","Smad7",-153.200682275817,4,"Down","other",FALSE
"WT_heat","corr_wsum","Srebf2",-151.863962250964,5,"Down","other",FALSE
"WT_heat","corr_wsum","Klf2",-128.073784159821,6,"Down","other",FALSE
"WT_heat","corr_wsum","Hic1",-109.06486638826,7,"Down","other",FALSE
"WT_heat","corr_wsum","Ikzf1",-105.449667413133,8,"Down","other",FALSE
"WT_heat","corr_wsum","Tbx3",-88.000244782721,9,"Down","other",FALSE
"WT_heat","corr_wsum","Hdac1",-87.0401324529436,10,"Down","other",FALSE
"WT_heat","corr_wsum","Sox2",-86.6949928558998,11,"Down","other",FALSE
"WT_heat","corr_wsum","Spib",-82.9009523898017,12,"Down","other",FALSE
"WT_heat","corr_wsum","Sp1",1067.68624202717,1,"Up","other",FALSE
"WT_heat","corr_wsum","Jun",909.749391882394,2,"Up","other",FALSE
"WT_heat","corr_wsum","Nfkb",859.911288038006,3,"Up","other",FALSE
"WT_heat","corr_wsum","Rela",782.521746935946,4,"Up","IFN",TRUE
"WT_heat","corr_wsum","Nfkb1",682.325595918686,5,"Up","IFN",TRUE
"WT_heat","corr_wsum","Egr1",655.655550806897,6,"Up","other",FALSE
"WT_heat","corr_wsum","Hif1a",650.325367069978,7,"Up","HIF",TRUE
"WT_heat","corr_wsum","Fos",602.828549324278,8,"Up","other",FALSE
"WT_heat","corr_wsum","Trp53",585.703840240676,9,"Up","other",FALSE
"WT_heat","corr_wsum","Ap1",571.702419120256,10,"Up","other",FALSE
"WT_heat","corr_wsum","Stat3",535.704128187125,11,"Up","other",FALSE
"WT_heat","corr_wsum","Sp3",528.068900544614,12,"Up","other",FALSE
"WT_heat","mlm","Foxo3",-4.51618206278848,1,"Down","other",FALSE
"WT_heat","mlm","Spib",-4.25162445357028,2,"Down","other",FALSE
"WT_heat","mlm","Mitf",-4.07617389008289,3,"Down","other",FALSE
"WT_heat","mlm","Trps1",-3.78931116186094,4,"Down","other",FALSE
"WT_heat","mlm","Nr1d1",-3.74954408492009,5,"Down","other",FALSE
"WT_heat","mlm","Brca1",-3.67931978399789,6,"Down","other",FALSE
"WT_heat","mlm","Hoxa9",-3.14435454593525,7,"Down","other",FALSE
"WT_heat","mlm","Irf1",-3.11175020666165,8,"Down","IFN",TRUE
"WT_heat","mlm","Hic1",-2.85193287891042,9,"Down","other",FALSE
"WT_heat","mlm","Klf7",-2.82850718761969,10,"Down","other",FALSE
"WT_heat","mlm","Runx3",-2.82595578304658,11,"Down","other",FALSE
"WT_heat","mlm","Ppard",-2.73222906739221,12,"Down","other",FALSE
"WT_heat","mlm","Thap11",4.55902733785368,1,"Up","other",FALSE
"WT_heat","mlm","Tox3",4.39061491794199,2,"Up","other",FALSE
"WT_heat","mlm","Sirt1",3.66855252832735,3,"Up","other",FALSE
"WT_heat","mlm","Onecut1",3.65977767757395,4,"Up","other",FALSE
"WT_heat","mlm","Hoxd3",3.49239198536801,5,"Up","other",FALSE
"WT_heat","mlm","Tbx5",3.35288869709437,6,"Up","other",FALSE
"WT_heat","mlm","Sin3a",3.21967616050131,7,"Up","other",FALSE
"WT_heat","mlm","Hsf2",3.17465568982034,8,"Up","other",FALSE
"WT_heat","mlm","Hoxa10",3.1398453675366,9,"Up","other",FALSE
"WT_heat","mlm","Rarg",2.90372742841829,10,"Up","other",FALSE
"WT_heat","mlm","Msx1",2.8689932944969,11,"Up","other",FALSE
"WT_heat","mlm","Ybx1",2.86491227577923,12,"Up","other",FALSE
"WT_heat","norm_wsum","Foxo3",-4.02685131578003,1,"Down","other",FALSE
"WT_heat","norm_wsum","Smarca4",-3.74908750816558,2,"Down","other",FALSE
"WT_heat","norm_wsum","Srebf2",-3.63349230588353,3,"Down","other",FALSE
"WT_heat","norm_wsum","Spib",-3.56910429491389,4,"Down","other",FALSE
"WT_heat","norm_wsum","Tbx3",-3.44034604118883,5,"Down","other",FALSE
"WT_heat","norm_wsum","Hic1",-3.4083157547239,6,"Down","other",FALSE
"WT_heat","norm_wsum","Zeb1",-3.3676710882654,7,"Down","other",FALSE
"WT_heat","norm_wsum","Smad7",-3.24487018947627,8,"Down","other",FALSE
"WT_heat","norm_wsum","Aip",-3.18861805310928,9,"Down","other",FALSE
"WT_heat","norm_wsum","Mlxip",-3.08898125035717,10,"Down","other",FALSE
"WT_heat","norm_wsum","Klf17",-3.08635126241826,11,"Down","other",FALSE
"WT_heat","norm_wsum","Tbx1",-2.97092235380248,12,"Down","other",FALSE
"WT_heat","norm_wsum","Egr1",7.13392195608841,1,"Up","other",FALSE
"WT_heat","norm_wsum","Rela",6.69703891960233,2,"Up","IFN",TRUE
"WT_heat","norm_wsum","Hif1a",5.84933517401361,3,"Up","HIF",TRUE
"WT_heat","norm_wsum","Jun",5.84054602804436,4,"Up","other",FALSE
"WT_heat","norm_wsum","Nfkb",5.79789660009474,5,"Up","other",FALSE
"WT_heat","norm_wsum","Sp1",5.75280483604128,6,"Up","other",FALSE
"WT_heat","norm_wsum","Nfkb1",5.41239605165606,7,"Up","IFN",TRUE
"WT_heat","norm_wsum","Hoxd3",5.37602845206776,8,"Up","other",FALSE
"WT_heat","norm_wsum","Stat5a",5.28527908829708,9,"Up","other",FALSE
"WT_heat","norm_wsum","Ncoa1",5.25813591822018,10,"Up","other",FALSE
"WT_heat","norm_wsum","Rel",5.22051917961723,11,"Up","other",FALSE
"WT_heat","norm_wsum","Hsf2",5.16451206977645,12,"Up","other",FALSE
"WT_heat","ulm","Aip",-3.70942069509672,1,"Down","other",FALSE
"WT_heat","ulm","Hic1",-3.60463328587376,2,"Down","other",FALSE
"WT_heat","ulm","Foxo3",-3.52000814512722,3,"Down","other",FALSE
"WT_heat","ulm","Tbx3",-3.34183090086087,4,"Down","other",FALSE
"WT_heat","ulm","Smarca4",-3.31261772855342,5,"Down","other",FALSE
"WT_heat","ulm","Zeb1",-3.2261685183226,6,"Down","other",FALSE
"WT_heat","ulm","Klf17",-3.08078689548979,7,"Down","other",FALSE
"WT_heat","ulm","Smad7",-2.99836139484578,8,"Down","other",FALSE
"WT_heat","ulm","Foxf2",-2.91406394799176,9,"Down","other",FALSE
"WT_heat","ulm","Srebf2",-2.87310017074905,10,"Down","other",FALSE
"WT_heat","ulm","Spib",-2.8725049190005,11,"Down","other",FALSE
"WT_heat","ulm","Tbx1",-2.82467104520858,12,"Down","other",FALSE
"WT_heat","ulm","Jun",6.07261670605204,1,"Up","other",FALSE
"WT_heat","ulm","Egr1",5.67579847552521,2,"Up","other",FALSE
"WT_heat","ulm","Rela",5.592065010159,3,"Up","IFN",TRUE
"WT_heat","ulm","Fos",5.55136501076827,4,"Up","other",FALSE
"WT_heat","ulm","Stat5a",5.52373632877914,5,"Up","other",FALSE
"WT_heat","ulm","Nfkb1",5.48818193494507,6,"Up","IFN",TRUE
"WT_heat","ulm","Sp1",5.30400849844613,7,"Up","other",FALSE
"WT_heat","ulm","Ncoa1",5.2855818525938,8,"Up","other",FALSE
"WT_heat","ulm","Nfkb",5.23485403882253,9,"Up","other",FALSE
"WT_heat","ulm","Hoxd3",5.20061740340845,10,"Up","other",FALSE
"WT_heat","ulm","Jund",5.12578022193366,11,"Up","other",FALSE
"WT_heat","ulm","Hif1a",5.11034559073191,12,"Up","HIF",TRUE
"WT_heat","wsum","Foxo3",-197.792887999143,1,"Down","other",FALSE
"WT_heat","wsum","Srebf1",-115.752028745772,2,"Down","other",FALSE
"WT_heat","wsum","Zeb1",-92.7941422416228,3,"Down","other",FALSE
"WT_heat","wsum","Smad7",-90.1726822044099,4,"Down","other",FALSE
"WT_heat","wsum","Srebf2",-89.3858996117562,5,"Down","other",FALSE
"WT_heat","wsum","Foxo1",-81.6482773350599,6,"Down","other",FALSE
"WT_heat","wsum","Klf2",-75.3831932482375,7,"Down","other",FALSE
"WT_heat","wsum","Hdac1",-71.2364214312721,8,"Down","other",FALSE
"WT_heat","wsum","Ppara",-68.1133125566815,9,"Down","other",FALSE
"WT_heat","wsum","Hic1",-64.1946980287531,10,"Down","other",FALSE
"WT_heat","wsum","Ikzf1",-62.066821158708,11,"Down","other",FALSE
"WT_heat","wsum","Sox2",-62.0162469906381,12,"Down","other",FALSE
"WT_heat","wsum","Sp1",628.43148454786,1,"Up","other",FALSE
"WT_heat","wsum","Jun",535.471132251059,2,"Up","other",FALSE
"WT_heat","wsum","Nfkb",506.136827515134,3,"Up","other",FALSE
"WT_heat","wsum","Rela",460.585969698603,4,"Up","IFN",TRUE
"WT_heat","wsum","Nfkb1",401.611325789915,5,"Up","IFN",TRUE
"WT_heat","wsum","Egr1",385.913552995973,6,"Up","other",FALSE
"WT_heat","wsum","Hif1a",382.776249969248,7,"Up","HIF",TRUE
"WT_heat","wsum","Fos",354.820007290165,8,"Up","other",FALSE
"WT_heat","wsum","Trp53",344.740542061293,9,"Up","other",FALSE
"WT_heat","wsum","Ap1",336.499418860362,10,"Up","other",FALSE
"WT_heat","wsum","Stat3",315.311116040854,11,"Up","other",FALSE
"WT_heat","wsum","Sp3",310.817082818946,12,"Up","other",FALSE
