"tf","regulon_class","target","mor","t_wt","aligned_contrib","is_stress_contaminant"
"Hif1a","promiscuous","Vegfa",1,9.39257455459016,9.39257455459016,FALSE
"Hif1a","promiscuous","Egln3",1,6.8074920041606,6.8074920041606,FALSE
"Hif1a","promiscuous","Slc2a1",1,6.53352095750106,6.53352095750106,FALSE
"Hif1a","promiscuous","Car9",1,-1.06121838888087,-1.06121838888087,FALSE
"Hif1a","promiscuous","Bnip3",1,-1.42890798808254,-1.42890798808254,FALSE
"Hif1a","promiscuous","Bnip3l",1,-1.81453925883996,-1.81453925883996,FALSE
"Hif1a","promiscuous","Pdk1",1,-4.15782847557273,-4.15782847557273,FALSE
"Hif1a","promiscuous","Timp1",1,24.9249900286913,24.9249900286913,TRUE
"Hif1a","promiscuous","Sdc1",1,22.8929996902441,22.8929996902441,TRUE
"Hif1a","promiscuous","Itga5",1,18.4582530987312,18.4582530987312,FALSE
"Hif1a","promiscuous","Glb1",1,17.3885344920755,17.3885344920755,FALSE
"Hif1a","promiscuous","Lgals3",1,16.8033146701733,16.8033146701733,FALSE
"Hif1a","promiscuous","Bcl2l1",1,16.0796092768292,16.0796092768292,FALSE
"Hif1a","promiscuous","Spp1",1,15.3649511654676,15.3649511654676,TRUE
"Hif1a","promiscuous","Bcr",1,13.5750369655157,13.5750369655157,FALSE
"Hif1a","promiscuous","Adora2b",1,13.2383986587328,13.2383986587328,FALSE
"Hif1a","promiscuous","Ar",1,13.14639338402,13.14639338402,FALSE
"Hif1a","promiscuous","Cd44",1,12.505000321005,12.505000321005,FALSE
"Hif1a","promiscuous","Pcx",1,12.5002699175979,12.5002699175979,FALSE
"Hif1a","promiscuous","Pak1",1,12.3992923863106,12.3992923863106,FALSE
"Hif1a","promiscuous","Cdkn1a",1,12.3278744148841,12.3278744148841,TRUE
"Hif1a","promiscuous","Sphk1",1,12.1468455558043,12.1468455558043,FALSE
"Hif1a","promiscuous","Furin",1,11.6903423050384,11.6903423050384,FALSE
"Hif1a","promiscuous","Serpine1",1,11.2113044225909,11.2113044225909,TRUE
"Hif1a","promiscuous","Ccl4",1,11.0280305807477,11.0280305807477,FALSE
"Hif1a","promiscuous","Eno2",1,11.0047832347513,11.0047832347513,TRUE
"Hif1a","promiscuous","Rora",1,10.9548796224002,10.9548796224002,FALSE
"Hif1a","promiscuous","F3",1,10.890353700073,10.890353700073,FALSE
"Hif1a","promiscuous","Hspa1a",1,10.8117412630598,10.8117412630598,TRUE
"Hif1a","promiscuous","Hsf1",1,10.7310453498021,10.7310453498021,FALSE
"Hif1a","promiscuous","Kdm2b",1,10.7251075942042,10.7251075942042,FALSE
"Hif1a","promiscuous","Nr4a1",1,10.2439985201011,10.2439985201011,FALSE
"Hif1a","promiscuous","Plaur",1,9.82270186219284,9.82270186219284,FALSE
"Hif1a","promiscuous","Rgcc",1,9.47465228696217,9.47465228696217,FALSE
"Hif1a","promiscuous","Hbegf",1,9.03125920758172,9.03125920758172,FALSE
"Hif1a","promiscuous","Tigar",1,8.84588212600348,8.84588212600348,FALSE
"Hif1a","promiscuous","Mat2a",1,8.79326323606181,8.79326323606181,FALSE
"Hif1a","promiscuous","Map3k11",1,8.75497357009651,8.75497357009651,FALSE
"Hif1a","promiscuous","Kdm6b",1,8.73982428022684,8.73982428022684,FALSE
"Hif1a","promiscuous","Pdgfb",1,8.59721986328183,8.59721986328183,FALSE
"Hif1a","promiscuous","Eif4e",1,8.28793214468405,8.28793214468405,FALSE
"Hif1a","promiscuous","Cd274",1,8.24783233670247,8.24783233670247,FALSE
"Hif1a","promiscuous","Eif4ebp1",1,8.17276435844034,8.17276435844034,FALSE
"Hif1a","promiscuous","Cd36",1,8.08069430806098,8.08069430806098,FALSE
"Hif1a","promiscuous","Tfrc",1,7.85207598565601,7.85207598565601,FALSE
"Hif1a","promiscuous","Itgb2",1,7.76554069186266,7.76554069186266,FALSE
"Hif1a","promiscuous","Sdc4",1,7.75176121578575,7.75176121578575,FALSE
"Hif1a","promiscuous","Gsn",1,7.74840421106114,7.74840421106114,FALSE
"Hif1a","promiscuous","Ptgs2",1,7.60821713681234,7.60821713681234,FALSE
"Hif1a","promiscuous","Bhlhe40",1,7.55695152643009,7.55695152643009,FALSE
"Hif1a","promiscuous","Thbs1",1,7.24984774055891,7.24984774055891,FALSE
"Hif1a","promiscuous","Hsp90b1",1,7.23463625379693,7.23463625379693,FALSE
"Hif1a","promiscuous","S100a11",1,7.10063262508495,7.10063262508495,FALSE
"Hif1a","promiscuous","Muc1",1,7.0377205827393,7.0377205827393,FALSE
"Hif1a","promiscuous","Ppp1r10",1,6.96199272774724,6.96199272774724,FALSE
"Hif1a","promiscuous","Lrp1",1,6.84869392028163,6.84869392028163,FALSE
"Hif1a","promiscuous","Mst1r",1,6.79789154295383,6.79789154295383,FALSE
"Hif1a","promiscuous","Twist1",1,6.6020075401085,6.6020075401085,FALSE
"Hif1a","promiscuous","Ccn1",1,6.54985351186068,6.54985351186068,FALSE
"Hif1a","promiscuous","Kdm5c",1,6.53026317526316,6.53026317526316,FALSE
"Hif1a","promiscuous","Fscn1",1,6.46572249110896,6.46572249110896,FALSE
"Hif1a","promiscuous","Hsp90aa1",1,6.30381710248831,6.30381710248831,FALSE
"Hif1a","promiscuous","Nedd9",1,6.19323313521022,6.19323313521022,FALSE
"Hif1a","promiscuous","Apex1",-1,-6.11666361551349,6.11666361551349,FALSE
"Hif1a","promiscuous","Ppp5c",1,5.9626559118473,5.9626559118473,FALSE
"Hif1a","promiscuous","Men1",1,5.78552029202753,5.78552029202753,FALSE
"Hif1a","promiscuous","Nos2",1,5.5178864893198,5.5178864893198,FALSE
"Hif1a","promiscuous","Bsg",1,5.34587271550306,5.34587271550306,FALSE
"Hif1a","promiscuous","Msh2",-1,-5.3294115173359,5.3294115173359,FALSE
"Hif1a","promiscuous","Reck",-1,-5.29012660902666,5.29012660902666,FALSE
"Hif1a","promiscuous","Adm",1,5.27716740211436,5.27716740211436,FALSE
"Hif1a","promiscuous","Fam162a",1,5.25882654803303,5.25882654803303,FALSE
"Hif1a","promiscuous","E2f3",1,5.23054713823862,5.23054713823862,FALSE
"Hif1a","promiscuous","Hdac2",1,5.08322696804307,5.08322696804307,FALSE
"Hif1a","promiscuous","Pgf",1,5.01988349855369,5.01988349855369,FALSE
"Hif1a","promiscuous","Mdm2",1,4.93090001499374,4.93090001499374,FALSE
"Hif1a","promiscuous","Aurka",1,4.8957038365384,4.8957038365384,FALSE
"Hif1a","promiscuous","Eln",1,4.77706555936472,4.77706555936472,FALSE
"Hif1a","promiscuous","Il4",1,4.68993804924469,4.68993804924469,FALSE
"Hif1a","promiscuous","Cdh1",-1,-4.58162420835733,4.58162420835733,FALSE
"Hif1a","promiscuous","Errfi1",1,4.55563173242516,4.55563173242516,FALSE
"Hif1a","promiscuous","Vmp1",1,4.54378982565288,4.54378982565288,FALSE
"Hif1a","promiscuous","Ccl5",1,4.53508248604996,4.53508248604996,FALSE
"Hif1a","promiscuous","Il17a",1,4.49447237481451,4.49447237481451,FALSE
"Hif1a","promiscuous","Gpr35",1,4.49329238451825,4.49329238451825,FALSE
"Hif1a","promiscuous","Plau",1,4.41987375861187,4.41987375861187,FALSE
"Hif1a","promiscuous","Ndrg1",1,4.41521755133419,4.41521755133419,FALSE
"Hif1a","promiscuous","Tgfb1",1,4.34110160878678,4.34110160878678,FALSE
"Hif1a","promiscuous","Ankrd37",1,4.33518651180883,4.33518651180883,FALSE
"Hif1a","promiscuous","Hspa4",1,4.30130656542651,4.30130656542651,FALSE
"Hif1a","promiscuous","Tnf",1,4.28954106073917,4.28954106073917,FALSE
"Hif1a","promiscuous","Stc2",1,4.19277426252562,4.19277426252562,FALSE
"Hif1a","promiscuous","Ndrg2",1,4.05867111745917,4.05867111745917,FALSE
"Hif1a","promiscuous","Txn1",1,4.05470534436349,4.05470534436349,FALSE
"Hif1a","promiscuous","Abcb1a",1,3.94791366856173,3.94791366856173,FALSE
"Hif1a","promiscuous","Kdm3a",1,3.92204777314147,3.92204777314147,FALSE
"Hif1a","promiscuous","Bid",-1,-3.80895302687189,3.80895302687189,FALSE
"Hif1a","promiscuous","Cd24a",1,3.78994950950339,3.78994950950339,FALSE
"Hif1a","promiscuous","Il11",1,3.7872164071514,3.7872164071514,FALSE
"Hif1a","promiscuous","Cish",1,3.76842270311315,3.76842270311315,FALSE
"Hif1a","promiscuous","Pik3ca",1,3.70872215942354,3.70872215942354,FALSE
"Hif1a","promiscuous","Pfkfb3",1,3.60954975455625,3.60954975455625,FALSE
"Hif1a","promiscuous","Tlr2",1,3.56005323682291,3.56005323682291,FALSE
"Hif1a","promiscuous","Pparg",1,3.54900365103618,3.54900365103618,FALSE
"Hif1a","promiscuous","Arnt2",1,3.38808736930842,3.38808736930842,FALSE
"Hif1a","promiscuous","Il10",1,3.3695347624915,3.3695347624915,FALSE
"Hif1a","promiscuous","Ddit4",1,3.25348972176229,3.25348972176229,FALSE
"Hif1a","promiscuous","Mxi1",1,3.20675020731611,3.20675020731611,FALSE
"Hif1a","promiscuous","Id2",1,3.14678079604904,3.14678079604904,FALSE
"Hif1a","promiscuous","Cd151",-1,-3.09302542756921,3.09302542756921,FALSE
"Hif1a","promiscuous","Rps6kb1",1,2.99457735212111,2.99457735212111,FALSE
"Hif1a","promiscuous","Tert",1,2.94399145667695,2.94399145667695,FALSE
"Hif1a","promiscuous","Mif",1,2.86604732843626,2.86604732843626,FALSE
"Hif1a","promiscuous","Pgam1",1,2.80832446269756,2.80832446269756,FALSE
"Hif1a","promiscuous","Tlr4",1,2.70083310642827,2.70083310642827,FALSE
"Hif1a","promiscuous","Slc2a3",1,2.64641662693957,2.64641662693957,FALSE
"Hif1a","promiscuous","Tff1",1,2.62020782421357,2.62020782421357,FALSE
"Hif1a","promiscuous","Spry2",-1,-2.60186372830016,2.60186372830016,FALSE
"Hif1a","promiscuous","Hmox1",1,2.57540219730917,2.57540219730917,FALSE
"Hif1a","promiscuous","Brca1",1,2.5320225368738,2.5320225368738,FALSE
"Hif1a","promiscuous","Kdm5b",1,2.48542567824949,2.48542567824949,FALSE
"Hif1a","promiscuous","Flt1",1,2.47548348589301,2.47548348589301,FALSE
"Hif1a","promiscuous","Epor",1,2.38617335662577,2.38617335662577,FALSE
"Hif1a","promiscuous","Atrip",1,2.37998023817142,2.37998023817142,FALSE
"Hif1a","promiscuous","Sdhb",-1,-2.18509695409235,2.18509695409235,FALSE
"Hif1a","promiscuous","Esr1",1,2.16849078444419,2.16849078444419,FALSE
"Hif1a","promiscuous","Aqp4",1,2.11098599122926,2.11098599122926,FALSE
"Hif1a","promiscuous","Aqp1",1,2.08865320121538,2.08865320121538,FALSE
"Hif1a","promiscuous","Psmc6",1,2.05918802917882,2.05918802917882,FALSE
"Hif1a","promiscuous","Hey1",1,1.99920772505278,1.99920772505278,FALSE
"Hif1a","promiscuous","Pmaip1",1,1.97332686085341,1.97332686085341,FALSE
"Hif1a","promiscuous","Ptges",1,1.94541139080765,1.94541139080765,FALSE
"Hif1a","promiscuous","Met",1,1.91219045140099,1.91219045140099,FALSE
"Hif1a","promiscuous","Vegfb",1,1.89517802046365,1.89517802046365,FALSE
"Hif1a","promiscuous","Gys1",1,1.89454557982844,1.89454557982844,FALSE
"Hif1a","promiscuous","Egln1",1,1.85136711194599,1.85136711194599,FALSE
"Hif1a","promiscuous","Hif1an",1,1.84811380878353,1.84811380878353,FALSE
"Hif1a","promiscuous","Ccnd1",1,1.79983993144867,1.79983993144867,FALSE
"Hif1a","promiscuous","Mmp9",1,1.77805523431136,1.77805523431136,FALSE
"Hif1a","promiscuous","Vasp",1,1.70974464148158,1.70974464148158,FALSE
"Hif1a","promiscuous","Vegfc",1,1.61748862309845,1.61748862309845,FALSE
"Hif1a","promiscuous","Ddx3x",1,1.59394147695097,1.59394147695097,FALSE
"Hif1a","promiscuous","Mdk",1,1.57300575527003,1.57300575527003,FALSE
"Hif1a","promiscuous","Rpsa",1,1.5414980163627,1.5414980163627,FALSE
"Hif1a","promiscuous","Gper1",1,1.4919164613058,1.4919164613058,FALSE
"Hif1a","promiscuous","Gk",1,1.48639404816928,1.48639404816928,FALSE
"Hif1a","promiscuous","Ppp1r3c",1,1.44430571563735,1.44430571563735,FALSE
"Hif1a","promiscuous","Hipk2",1,1.39536033269818,1.39536033269818,FALSE
"Hif1a","promiscuous","Carm1",1,1.39080762342719,1.39080762342719,FALSE
"Hif1a","promiscuous","Ngb",1,1.33644148912643,1.33644148912643,FALSE
"Hif1a","promiscuous","Kcnmb1",1,1.31901742558623,1.31901742558623,FALSE
"Hif1a","promiscuous","Ghr",1,1.25797190326844,1.25797190326844,FALSE
"Hif1a","promiscuous","Prkg1",1,1.22959467671273,1.22959467671273,FALSE
"Hif1a","promiscuous","Slc11a1",1,1.22657115137768,1.22657115137768,FALSE
"Hif1a","promiscuous","Cd164",1,1.21525235902178,1.21525235902178,FALSE
"Hif1a","promiscuous","Ercc2",1,1.17146472473302,1.17146472473302,FALSE
"Hif1a","promiscuous","Nbn",-1,-1.16171444103398,1.16171444103398,FALSE
"Hif1a","promiscuous","Mt1",1,1.14722964933123,1.14722964933123,FALSE
"Hif1a","promiscuous","Vhl",1,1.09279445465936,1.09279445465936,FALSE
"Hif1a","promiscuous","Ccr7",1,1.07843889434866,1.07843889434866,FALSE
"Hif1a","promiscuous","Kdm4c",1,0.997243156807378,0.997243156807378,FALSE
"Hif1a","promiscuous","Mrc1",1,0.993199271529878,0.993199271529878,FALSE
"Hif1a","promiscuous","Akt1",1,0.904740590507242,0.904740590507242,FALSE
"Hif1a","promiscuous","Vldlr",1,0.894819005002511,0.894819005002511,FALSE
"Hif1a","promiscuous","Cxcr1",1,0.881180368361105,0.881180368361105,FALSE
"Hif1a","promiscuous","Hif3a",1,0.814801230022197,0.814801230022197,FALSE
"Hif1a","promiscuous","Dld",1,0.803390768702035,0.803390768702035,FALSE
"Hif1a","promiscuous","Dio3",1,0.797957728021379,0.797957728021379,FALSE
"Hif1a","promiscuous","Hes1",1,0.773830471124278,0.773830471124278,FALSE
"Hif1a","promiscuous","Sox9",1,0.750979277212875,0.750979277212875,FALSE
"Hif1a","promiscuous","Prdx2",1,0.734412210715431,0.734412210715431,FALSE
"Hif1a","promiscuous","Epas1",1,0.6526661821415,0.6526661821415,FALSE
"Hif1a","promiscuous","Atpif1",1,0.641658919786317,0.641658919786317,FALSE
"Hif1a","promiscuous","Snai1",1,0.640243687981726,0.640243687981726,FALSE
"Hif1a","promiscuous","Erbb2",1,0.622755790097845,0.622755790097845,FALSE
"Hif1a","promiscuous","Foxm1",1,0.613846397732848,0.613846397732848,FALSE
"Hif1a","promiscuous","Angpt1",-1,-0.591379355637503,0.591379355637503,FALSE
"Hif1a","promiscuous","Angpt2",1,0.571406289479223,0.571406289479223,FALSE
"Hif1a","promiscuous","Nos1",1,0.545271461032191,0.545271461032191,FALSE
"Hif1a","promiscuous","Slc2a4",1,0.544697636496029,0.544697636496029,FALSE
"Hif1a","promiscuous","Il6",1,0.533988604027013,0.533988604027013,FALSE
"Hif1a","promiscuous","Aqp9",1,0.493675135213434,0.493675135213434,FALSE
"Hif1a","promiscuous","Smad4",1,0.479644105815041,0.479644105815041,FALSE
"Hif1a","promiscuous","Wsb1",1,0.389519760838538,0.389519760838538,FALSE
"Hif1a","promiscuous","Prdx3",1,0.356316078070046,0.356316078070046,FALSE
"Hif1a","promiscuous","Casp3",1,0.304054291306513,0.304054291306513,FALSE
"Hif1a","promiscuous","Cdkn1c",1,0.279144978495056,0.279144978495056,FALSE
"Hif1a","promiscuous","Kcnj8",1,0.2769662106718,0.2769662106718,FALSE
"Hif1a","promiscuous","Abcc9",1,0.275119170939977,0.275119170939977,FALSE
"Hif1a","promiscuous","Bcl2",1,0.262318680096748,0.262318680096748,FALSE
"Hif1a","promiscuous","Fn1",1,0.262240527635201,0.262240527635201,FALSE
"Hif1a","promiscuous","Pfkl",1,0.250312825590635,0.250312825590635,FALSE
"Hif1a","promiscuous","Fgf2",1,0.145563072679874,0.145563072679874,FALSE
"Hif1a","promiscuous","Birc3",1,0.106819062802941,0.106819062802941,FALSE
"Hif1a","promiscuous","Cxcr2",1,0.0946467147235971,0.0946467147235971,FALSE
"Hif1a","promiscuous","Col2a1",1,0.0945978856451638,0.0945978856451638,FALSE
"Hif1a","promiscuous","Socs1",1,0.0607606976688881,0.0607606976688881,FALSE
"Hif1a","promiscuous","Myc",-1,-0.0399942986526997,0.0399942986526997,FALSE
"Hif1a","promiscuous","Ppfia4",1,-0.00562018370307288,-0.00562018370307288,FALSE
"Hif1a","promiscuous","S100a4",1,-0.0494922045235457,-0.0494922045235457,FALSE
"Hif1a","promiscuous","Sod2",1,-0.0852772474384001,-0.0852772474384001,FALSE
"Hif1a","promiscuous","Txn2",1,-0.0973823372520357,-0.0973823372520357,FALSE
"Hif1a","promiscuous","Nedd8",1,-0.113034018048656,-0.113034018048656,FALSE
"Hif1a","promiscuous","Chka",1,-0.125555302506956,-0.125555302506956,FALSE
"Hif1a","promiscuous","Ctf1",1,-0.173593399957072,-0.173593399957072,FALSE
"Hif1a","promiscuous","Dll4",1,-0.273475297273516,-0.273475297273516,FALSE
"Hif1a","promiscuous","Gbe1",1,-0.278237400539576,-0.278237400539576,FALSE
"Hif1a","promiscuous","Grin1",1,-0.37927251054663,-0.37927251054663,FALSE
"Hif1a","promiscuous","Igf2bp1",1,-0.471418105721869,-0.471418105721869,FALSE
"Hif1a","promiscuous","Setd2",1,-0.537595586794861,-0.537595586794861,FALSE
"Hif1a","promiscuous","Ang",1,-0.546937980886621,-0.546937980886621,FALSE
"Hif1a","promiscuous","Stc1",1,-0.554744435859679,-0.554744435859679,FALSE
"Hif1a","promiscuous","Pepd",1,-0.636263417196242,-0.636263417196242,FALSE
"Hif1a","promiscuous","Il1b",1,-0.644973480197618,-0.644973480197618,FALSE
"Hif1a","promiscuous","Afp",1,-0.667009926959797,-0.667009926959797,FALSE
"Hif1a","promiscuous","Tubb3",1,-0.713587880740794,-0.713587880740794,FALSE
"Hif1a","promiscuous","Fbln5",1,-0.721001168649866,-0.721001168649866,FALSE
"Hif1a","promiscuous","Muc3a",1,-0.743710155250621,-0.743710155250621,FALSE
"Hif1a","promiscuous","Arc",1,-0.806964071084402,-0.806964071084402,FALSE
"Hif1a","promiscuous","Rbms1",1,-0.902554081828641,-0.902554081828641,FALSE
"Hif1a","promiscuous","Hs2st1",1,-0.956234097346068,-0.956234097346068,FALSE
"Hif1a","promiscuous","Kdr",1,-0.980218700331007,-0.980218700331007,FALSE
"Hif1a","promiscuous","Pfkfb1",1,-1.02762097980364,-1.02762097980364,FALSE
"Hif1a","promiscuous","Tnfsf13b",1,-1.02892486482858,-1.02892486482858,FALSE
"Hif1a","promiscuous","Hmox2",1,-1.06794043844966,-1.06794043844966,FALSE
"Hif1a","promiscuous","Rapgef3",1,-1.0685245761739,-1.0685245761739,FALSE
"Hif1a","promiscuous","Bhlhe41",1,-1.08652805101899,-1.08652805101899,FALSE
"Hif1a","promiscuous","Ccna2",1,-1.0956458413725,-1.0956458413725,FALSE
"Hif1a","promiscuous","Lifr",-1,1.09980708889036,-1.09980708889036,FALSE
"Hif1a","promiscuous","Hdc",1,-1.13383094296413,-1.13383094296413,FALSE
"Hif1a","promiscuous","Rac1",1,-1.14533642064613,-1.14533642064613,FALSE
"Hif1a","promiscuous","Trf",1,-1.15238568219917,-1.15238568219917,FALSE
"Hif1a","promiscuous","Kitl",1,-1.15838799347125,-1.15838799347125,FALSE
"Hif1a","promiscuous","Slc29a2",1,-1.26173359936352,-1.26173359936352,FALSE
"Hif1a","promiscuous","Jun",1,-1.26834547682528,-1.26834547682528,FALSE
"Hif1a","promiscuous","Nampt",1,-1.30202889915064,-1.30202889915064,FALSE
"Hif1a","promiscuous","Nt5e",1,-1.33918837595791,-1.33918837595791,FALSE
"Hif1a","promiscuous","Cited2",1,-1.36637299865587,-1.36637299865587,FALSE
"Hif1a","promiscuous","Mapk14",1,-1.36667792231174,-1.36667792231174,FALSE
"Hif1a","promiscuous","Edn1",1,-1.3700518042939,-1.3700518042939,FALSE
"Hif1a","promiscuous","Hgf",1,-1.37042146992409,-1.37042146992409,FALSE
"Hif1a","promiscuous","Ucp2",1,-1.4106007409578,-1.4106007409578,FALSE
"Hif1a","promiscuous","Mapk1",1,-1.49940927968765,-1.49940927968765,FALSE
"Hif1a","promiscuous","Pik3r1",1,-1.5425620355197,-1.5425620355197,FALSE
"Hif1a","promiscuous","Crebbp",1,-1.6241006297964,-1.6241006297964,FALSE
"Hif1a","promiscuous","Tgfb3",1,-1.64108361844578,-1.64108361844578,FALSE
"Hif1a","promiscuous","Hsp90ab1",1,-1.68646259603971,-1.68646259603971,FALSE
"Hif1a","promiscuous","Pfkfb4",1,-1.6980638116214,-1.6980638116214,FALSE
"Hif1a","promiscuous","Pdk3",1,-1.72934409667142,-1.72934409667142,FALSE
"Hif1a","promiscuous","Prnp",1,-1.85244320641332,-1.85244320641332,FALSE
"Hif1a","promiscuous","Mmp17",1,-1.87987091569244,-1.87987091569244,FALSE
"Hif1a","promiscuous","Arnt",1,-1.91100053563526,-1.91100053563526,FALSE
"Hif1a","promiscuous","Alas2",1,-1.98358842522841,-1.98358842522841,FALSE
"Hif1a","promiscuous","Hgfac",1,-2.07648699790598,-2.07648699790598,FALSE
"Hif1a","promiscuous","Src",1,-2.15375009059343,-2.15375009059343,FALSE
"Hif1a","promiscuous","Senp1",-1,2.18970934346218,-2.18970934346218,FALSE
"Hif1a","promiscuous","Gapdh",1,-2.27605573933245,-2.27605573933245,FALSE
"Hif1a","promiscuous","Tnni3",1,-2.28691912759401,-2.28691912759401,FALSE
"Hif1a","promiscuous","Cp",1,-2.31907927644443,-2.31907927644443,FALSE
"Hif1a","promiscuous","Ptger1",1,-2.3195706396558,-2.3195706396558,FALSE
"Hif1a","promiscuous","Ncor2",1,-2.38232108441185,-2.38232108441185,FALSE
"Hif1a","promiscuous","Kdm1a",-1,2.41881589981296,-2.41881589981296,FALSE
"Hif1a","promiscuous","Apc",-1,2.46865244145749,-2.46865244145749,FALSE
"Hif1a","promiscuous","Polm",1,-2.47564902282584,-2.47564902282584,FALSE
"Hif1a","promiscuous","Vim",1,-2.57465498678175,-2.57465498678175,FALSE
"Hif1a","promiscuous","Birc5",1,-2.62046970401772,-2.62046970401772,FALSE
"Hif1a","promiscuous","Capg",1,-2.64953941654869,-2.64953941654869,FALSE
"Hif1a","promiscuous","Pik3c3",1,-2.74299128780707,-2.74299128780707,FALSE
"Hif1a","promiscuous","Plat",1,-2.74518805801711,-2.74518805801711,FALSE
"Hif1a","promiscuous","Slc9a1",1,-2.80518924981921,-2.80518924981921,FALSE
"Hif1a","promiscuous","Slc11a2",1,-2.88125348122128,-2.88125348122128,FALSE
"Hif1a","promiscuous","Cad",1,-2.89392205327488,-2.89392205327488,FALSE
"Hif1a","promiscuous","Atp7a",1,-2.9673959754957,-2.9673959754957,FALSE
"Hif1a","promiscuous","Xiap",1,-2.99405048491073,-2.99405048491073,FALSE
"Hif1a","promiscuous","Wdr83",1,-3.04668367451649,-3.04668367451649,FALSE
"Hif1a","promiscuous","Xpa",1,-3.0538423881592,-3.0538423881592,FALSE
"Hif1a","promiscuous","Ctsd",1,-3.06312414533807,-3.06312414533807,FALSE
"Hif1a","promiscuous","Mcl1",1,-3.16876157769455,-3.16876157769455,FALSE
"Hif1a","promiscuous","Zfp667",1,-3.21501172143032,-3.21501172143032,FALSE
"Hif1a","promiscuous","Nr3c1",1,-3.2575916579471,-3.2575916579471,FALSE
"Hif1a","promiscuous","Bax",1,-3.30682540503532,-3.30682540503532,FALSE
"Hif1a","promiscuous","Aph1a",1,-3.36790332903159,-3.36790332903159,FALSE
"Hif1a","promiscuous","Cdc25a",-1,3.38632226586329,-3.38632226586329,FALSE
"Hif1a","promiscuous","Zfp217",1,-3.44304391613318,-3.44304391613318,FALSE
"Hif1a","promiscuous","Park7",1,-3.48561581322229,-3.48561581322229,FALSE
"Hif1a","promiscuous","Sema4d",1,-3.53913228670978,-3.53913228670978,FALSE
"Hif1a","promiscuous","Matk",1,-3.61972902157623,-3.61972902157623,FALSE
"Hif1a","promiscuous","Npm1",1,-3.66731575549222,-3.66731575549222,FALSE
"Hif1a","promiscuous","Egf",1,-3.69944647181259,-3.69944647181259,FALSE
"Hif1a","promiscuous","Tlr6",1,-3.75723610464876,-3.75723610464876,FALSE
"Hif1a","promiscuous","Bace1",1,-3.78601992404384,-3.78601992404384,FALSE
"Hif1a","promiscuous","Kdm7a",1,-3.80091917219676,-3.80091917219676,FALSE
"Hif1a","promiscuous","Lct",1,-3.82077833537038,-3.82077833537038,FALSE
"Hif1a","promiscuous","Pfkfb2",1,-3.98048111927452,-3.98048111927452,FALSE
"Hif1a","promiscuous","Sh3bp2",1,-4.14128231193665,-4.14128231193665,FALSE
"Hif1a","promiscuous","Ebp",1,-4.30597753251118,-4.30597753251118,FALSE
"Hif1a","promiscuous","Itgam",1,-4.31401444516013,-4.31401444516013,FALSE
"Hif1a","promiscuous","Lgals1",-1,4.35720343415945,-4.35720343415945,FALSE
"Hif1a","promiscuous","Kdm2a",1,-4.36238633274805,-4.36238633274805,FALSE
"Hif1a","promiscuous","Mmp15",1,-4.47409363235062,-4.47409363235062,FALSE
"Hif1a","promiscuous","Naa10",1,-4.5727189235745,-4.5727189235745,FALSE
"Hif1a","promiscuous","Ikbkb",1,-4.62578887899526,-4.62578887899526,FALSE
"Hif1a","promiscuous","Pten",1,-4.63382781522554,-4.63382781522554,FALSE
"Hif1a","promiscuous","App",1,-4.86068325182062,-4.86068325182062,FALSE
"Hif1a","promiscuous","Fech",1,-4.92295236945806,-4.92295236945806,FALSE
"Hif1a","promiscuous","Qsox1",1,-4.93820108679233,-4.93820108679233,FALSE
"Hif1a","promiscuous","Cox4i1",1,-4.93986929907876,-4.93986929907876,FALSE
"Hif1a","promiscuous","Tm9sf4",-1,4.95909349631266,-4.95909349631266,FALSE
"Hif1a","promiscuous","Mad1l1",1,-5.06650413548456,-5.06650413548456,FALSE
"Hif1a","promiscuous","Kdm5a",1,-5.12400834196078,-5.12400834196078,FALSE
"Hif1a","promiscuous","Fasn",1,-5.24567747968479,-5.24567747968479,FALSE
"Hif1a","promiscuous","Trp53",1,-5.30949685529192,-5.30949685529192,FALSE
"Hif1a","promiscuous","Dnase1",1,-5.35269763596927,-5.35269763596927,FALSE
"Hif1a","promiscuous","Prmt1",1,-5.42759803619619,-5.42759803619619,FALSE
"Hif1a","promiscuous","Sp1",-1,5.47154245417112,-5.47154245417112,FALSE
"Hif1a","promiscuous","Apln",1,-5.59297403839713,-5.59297403839713,FALSE
"Hif1a","promiscuous","Abl1",1,-5.66066284055482,-5.66066284055482,FALSE
"Hif1a","promiscuous","Cxcr4",1,-5.75780146102391,-5.75780146102391,FALSE
"Hif1a","promiscuous","Cybb",1,-6.00850930572522,-6.00850930572522,FALSE
"Hif1a","promiscuous","Xpc",1,-6.11794462121182,-6.11794462121182,FALSE
"Hif1a","promiscuous","Ass1",1,-6.15310839134756,-6.15310839134756,FALSE
"Hif1a","promiscuous","Kdm4b",1,-6.22222729329121,-6.22222729329121,FALSE
"Hif1a","promiscuous","Timp2",1,-6.37389555952042,-6.37389555952042,FALSE
"Hif1a","promiscuous","Nrp2",-1,6.41956917135209,-6.41956917135209,FALSE
"Hif1a","promiscuous","Atp13a2",1,-6.68900005749438,-6.68900005749438,FALSE
"Hif1a","promiscuous","Angptl4",1,-6.76846141860404,-6.76846141860404,FALSE
"Hif1a","promiscuous","Mlh1",1,-6.97795646717192,-6.97795646717192,FALSE
"Hif1a","promiscuous","Mmut",1,-7.08371318125004,-7.08371318125004,FALSE
"Hif1a","promiscuous","Sat1",1,-7.4410047732044,-7.4410047732044,FALSE
"Hif1a","promiscuous","Hif1a",-1,7.48596013728489,-7.48596013728489,FALSE
"Hif1a","promiscuous","Nfe2l2",1,-7.53589203152885,-7.53589203152885,FALSE
"Hif1a","promiscuous","Foxp3",1,-7.60676754875636,-7.60676754875636,FALSE
"Hif1a","promiscuous","Gata1",1,-7.67014517606629,-7.67014517606629,FALSE
"Hif1a","promiscuous","Tcirg1",1,-7.81673643591789,-7.81673643591789,FALSE
"Hif1a","promiscuous","Msh6",-1,8.2798084029273,-8.2798084029273,FALSE
"Hif1a","promiscuous","Btg2",1,-8.45541237118691,-8.45541237118691,FALSE
"Hif1a","promiscuous","Itgb3",1,-8.45825155642991,-8.45825155642991,FALSE
"Hif1a","promiscuous","Cx3cr1",1,-8.80400382947784,-8.80400382947784,FALSE
"Hif1a","promiscuous","Cdkn1b",1,-9.02931743776933,-9.02931743776933,FALSE
"Hif1a","promiscuous","Slc29a1",-1,10.1803237635447,-10.1803237635447,FALSE
"Hif1a","promiscuous","Mapk9",1,-10.9569604822314,-10.9569604822314,FALSE
"Hif1a","promiscuous","Lpin1",1,-11.206444522066,-11.206444522066,FALSE
"Hif1a","promiscuous","Pecam1",1,-12.3299572135026,-12.3299572135026,FALSE
"Hif1a","promiscuous","Abcc8",1,-12.8288852140129,-12.8288852140129,FALSE
"Hif1a","promiscuous","Slc22a5",1,-13.0061095285552,-13.0061095285552,FALSE
"Hif1a","promiscuous","Stat3",1,-13.4790869880396,-13.4790869880396,FALSE
"Hif1a","promiscuous","Abca1",1,-18.9943599269988,-18.9943599269988,FALSE
"Hif1a","promiscuous","Hk2",1,9.71988286026395,9.71988286026395,FALSE
"Hif1a","promiscuous","Aldoa",1,4.53935844328088,4.53935844328088,FALSE
"Hif1a","promiscuous","Pgk1",1,2.59241547851486,2.59241547851486,FALSE
"Hif1a","promiscuous","Ldha",1,0.429648895550747,0.429648895550747,FALSE
"Hif1a","promiscuous","Eno1",1,0.0215029644520647,0.0215029644520647,FALSE
"Hif1a","promiscuous","Pkm",1,-0.229195092892813,-0.229195092892813,FALSE
"Stat2","specific","Cbl",1,-0.120829229477557,-0.120829229477557,FALSE
"Stat2","specific","Eif2ak2",1,-1.54539928321406,-1.54539928321406,FALSE
"Stat2","specific","Samhd1",1,-15.0309988147637,-15.0309988147637,FALSE
"Stat2","specific","Il21",1,3.29221655537627,3.29221655537627,FALSE
"Stat2","specific","Ifnb1",1,0.41377191334494,0.41377191334494,FALSE
"Stat2","specific","Jun",1,-1.26834547682528,-1.26834547682528,FALSE
"Stat2","specific","Ifit2",1,-8.88101593806753,-8.88101593806753,FALSE
"Stat2","specific","Pml",1,-2.59565484560644,-2.59565484560644,FALSE
"Stat2","specific","H2-T23",1,-6.57602748043461,-6.57602748043461,FALSE
"Stat2","specific","Nos2",1,5.5178864893198,5.5178864893198,FALSE
"Stat2","specific","Scarb1",-1,2.71006984336511,-2.71006984336511,FALSE
"Stat2","specific","Ifit3",1,-2.58128210202759,-2.58128210202759,FALSE
"Stat2","specific","Il6",1,0.533988604027013,0.533988604027013,FALSE
"Stat2","specific","Ifng",1,4.99436412431093,4.99436412431093,FALSE
"Stat2","specific","Nfkb2",1,9.27808042331082,9.27808042331082,FALSE
"Stat2","specific","Crebbp",1,-1.6241006297964,-1.6241006297964,FALSE
"Stat2","specific","Oas1a",1,3.6032451120156,3.6032451120156,FALSE
"Stat2","specific","Irf9",1,-5.67396335218288,-5.67396335218288,FALSE
"Stat2","specific","Sirpa",1,-1.30423043433645,-1.30423043433645,FALSE
"Stat2","specific","Irf1",1,-6.10179662412308,-6.10179662412308,FALSE
"Stat2","specific","Serpine1",1,11.2113044225909,11.2113044225909,FALSE
"Stat2","specific","Stat1",1,-8.31598089254935,-8.31598089254935,FALSE
"Stat2","specific","Ptgs2",1,7.60821713681234,7.60821713681234,FALSE
"Stat2","specific","Rcan1",1,7.35623747359002,7.35623747359002,FALSE
"Stat2","specific","Scarb2",1,-16.6611216747272,-16.6611216747272,FALSE
"Stat2","specific","Cldn4",1,7.50802103215316,7.50802103215316,FALSE
"Stat2","specific","Dgke",1,-5.17308689397933,-5.17308689397933,FALSE
"Stat2","specific","Irf7",1,0.863484974224934,0.863484974224934,FALSE
"Stat2","specific","Jund",1,9.19026725396643,9.19026725396643,FALSE
"Stat2","specific","Il27",1,-0.57279440123516,-0.57279440123516,FALSE
"Stat2","specific","Hgf",1,-1.37042146992409,-1.37042146992409,FALSE
"Stat2","specific","Mcl1",1,-3.16876157769455,-3.16876157769455,FALSE
