"rank","tf","score","p_value","family","is_hif","is_hsf"
1,"Jun",6.06145105202412,1.37356241092699e-09,"AP-1/immediate-early",FALSE,FALSE
2,"Egr1",5.5419118789059,3.03023437211771e-08,"AP-1/immediate-early",FALSE,FALSE
3,"Fos",5.45529839529043,4.94802521614719e-08,"AP-1/immediate-early",FALSE,FALSE
4,"Sp1",5.29319700646897,1.21485159261708e-07,"housekeeping",FALSE,FALSE
5,"Stat5a",5.2736875232303,1.35122802884655e-07,"cytokine/STAT",FALSE,FALSE
6,"Rela",5.24945294657549,1.5413541764147e-07,"NF-kB",FALSE,FALSE
7,"Ncoa1",5.2492918284642,1.54270087689532e-07,"growth-factor/other-stress",FALSE,FALSE
8,"Hoxd3",5.20100597089766,2.0019786633448e-07,"other",FALSE,FALSE
9,"Hif1a",5.13626310899169,2.82928836013323e-07,"HIF axis",TRUE,FALSE
10,"Nfkb1",5.12470586395053,3.00820778687708e-07,"NF-kB",FALSE,FALSE
11,"Jund",5.10057668750646,3.41764377801174e-07,"AP-1/immediate-early",FALSE,FALSE
12,"Nfkb",4.81159529401684,1.50839871117315e-06,"NF-kB",FALSE,FALSE
13,"Runx2",4.71137013743701,2.47738152776602e-06,"growth-factor/other-stress",FALSE,FALSE
14,"Hsf2",4.6228617276235,3.80886168680916e-06,"heat-shock",FALSE,FALSE
15,"Rel",4.56266384882215,5.08137264582288e-06,"NF-kB",FALSE,FALSE
16,"Smad3",4.51146198601347,6.47547166908564e-06,"growth-factor/other-stress",FALSE,FALSE
17,"Ep300",4.45894570850202,8.28192665980549e-06,"growth-factor/other-stress",FALSE,FALSE
18,"Rbpj",4.36719591591536,1.26494573570313e-05,"other",FALSE,FALSE
19,"Irf5",4.31465403463692,1.606325270227e-05,"other",FALSE,FALSE
20,"Ssrp1",4.28765077496136,1.81432346581879e-05,"other",FALSE,FALSE
21,"Sp3",4.23916451948446,2.25375931710606e-05,"housekeeping",FALSE,FALSE
22,"Stat3",4.22317984903838,2.41961817336659e-05,"cytokine/STAT",FALSE,FALSE
23,"Epas1",4.16592168232895,3.11419942382309e-05,"HIF axis",FALSE,FALSE
24,"Ap1",4.04581643693727,5.23400933681917e-05,"AP-1/immediate-early",FALSE,FALSE
25,"Ncoa2",4.0174377281713,5.90530191181496e-05,"other",FALSE,FALSE
26,"Hoxb7",3.98507610218035,6.77016256172537e-05,"other",FALSE,FALSE
27,"Atf2",3.95767106702945,7.59498137635225e-05,"other",FALSE,FALSE
28,"Gli2",3.73282860087013,0.00018987455118163,"other",FALSE,FALSE
29,"Tcf7l2",3.71731112037175,0.000201912540172231,"other",FALSE,FALSE
30,"Elf4",3.66922765150445,0.000243926516589793,"other",FALSE,FALSE
31,"Ets1",3.60173783003044,0.000316875292471395,"growth-factor/other-stress",FALSE,FALSE
32,"Thap11",3.5973257687187,0.000322293641338663,"other",FALSE,FALSE
33,"Smad1",3.57448530934806,0.000351757256422698,"other",FALSE,FALSE
34,"Fosl2",3.56205861623328,0.000368827323621741,"AP-1/immediate-early",FALSE,FALSE
35,"Neurod6",3.54201132558961,0.000398006766949117,"other",FALSE,FALSE
36,"Gabpa",3.50749860296769,0.000453349279973844,"other",FALSE,FALSE
37,"Dmtf1",3.46734276895616,0.000526753835143738,"other",FALSE,FALSE
38,"Hr",3.45381323407774,0.000553883479498665,"other",FALSE,FALSE
39,"Tbx5",3.42807349740306,0.000609125290070108,"other",FALSE,FALSE
40,"Pgr",3.39380783299395,0.000690639727102063,"other",FALSE,FALSE
41,"Stat5b",3.3558593106098,0.000792684513318976,"other",FALSE,FALSE
42,"Mef2a",3.31666964553796,0.000912622184224068,"other",FALSE,FALSE
43,"Lhx3",3.31153333754739,0.000929532358038064,"other",FALSE,FALSE
44,"Ctnnb1",3.29854467555182,0.000973598609830552,"other",FALSE,FALSE
45,"Foxa2",3.27873165115078,0.00104455684339046,"other",FALSE,FALSE
46,"Elf3",3.25321287470133,0.00114300345635515,"other",FALSE,FALSE
47,"Tbx15",3.22703793330659,0.00125283540213791,"other",FALSE,FALSE
48,"Trp53",3.22454413965959,0.00126379270030663,"stress/senescence",FALSE,FALSE
49,"Wt1",3.20947404450237,0.0013319130228586,"other",FALSE,FALSE
50,"Hsf1",3.20200105877729,0.00136693483455816,"heat-shock",FALSE,TRUE
51,"Klf9",3.16417418136941,0.00155760366422834,"other",FALSE,FALSE
52,"Zfp354c",3.14873055886323,0.00164226408647003,"other",FALSE,FALSE
53,"Pou4f1",3.1362210775771,0.00171392220643265,"other",FALSE,FALSE
54,"Etv4",3.13396695147745,0.0017271363204207,"other",FALSE,FALSE
55,"Cebpb",3.11731745586326,0.00182767844831165,"growth-factor/other-stress",FALSE,FALSE
56,"Tfap2a",3.09484640102575,0.00197191081674971,"other",FALSE,FALSE
57,"Cebpz",3.08922807202955,0.00200956965623089,"other",FALSE,FALSE
58,"Stat6",3.07756387827539,0.00208986923239309,"other",FALSE,FALSE
59,"Ctcf",3.06295505323713,0.00219458968382933,"other",FALSE,FALSE
60,"Spi1",3.05987068139297,0.00221730537092582,"other",FALSE,FALSE
61,"Nupr1",3.03964570021494,0.00237167672448915,"other",FALSE,FALSE
62,"Foxq1",3.03837251981721,0.00238171625497248,"other",FALSE,FALSE
63,"Nr3c2",3.03479363308986,0.00241014596293438,"other",FALSE,FALSE
64,"Junb",3.01155005074926,0.00260247509682797,"other",FALSE,FALSE
65,"Barx2",2.98623415382898,0.00282783956029472,"other",FALSE,FALSE
66,"Klf5",2.97705893725486,0.00291382300940982,"other",FALSE,FALSE
67,"Ar",2.9498454966218,0.00318307133887926,"nuclear receptor",FALSE,FALSE
68,"Foxm1",2.94611359440947,0.00322171259708047,"other",FALSE,FALSE
69,"Smad2",2.94097046807872,0.00327566673349989,"other",FALSE,FALSE
70,"Nr2f6",2.92526133124097,0.00344560053213196,"other",FALSE,FALSE
71,"Egr3",2.91188059905839,0.00359663377901928,"other",FALSE,FALSE
72,"Egr2",2.91018340759716,0.00361621498208319,"other",FALSE,FALSE
73,"Meis1",2.87523175276369,0.00404164052904123,"other",FALSE,FALSE
74,"Lmo2",2.87515415605124,0.00404263356514365,"other",FALSE,FALSE
75,"Smad4",2.8686441686267,0.00412673752453965,"other",FALSE,FALSE
76,"Id2",2.83034001782393,0.00465456680528273,"other",FALSE,FALSE
77,"Sp4",2.81998497311118,0.00480739143231416,"other",FALSE,FALSE
78,"Pknox1",2.78963516502743,0.00528182008869726,"other",FALSE,FALSE
79,"Hivep3",2.76702538735777,0.00566231692579942,"other",FALSE,FALSE
80,"Cebpd",2.74942610337946,0.00597541983586357,"other",FALSE,FALSE
81,"Elk1",2.74328437231233,0.00608830438020912,"other",FALSE,FALSE
82,"Xbp1",2.74169227305527,0.00611787885641618,"other",FALSE,FALSE
83,"Nr4a1",2.73637700858922,0.00621755342683613,"other",FALSE,FALSE
84,"Kcnip3",2.72469315437604,0.00644181241603268,"other",FALSE,FALSE
85,"Prdm2",2.70443007725853,0.00684805098891712,"other",FALSE,FALSE
86,"Maz",2.69474262886714,0.00705028249223766,"other",FALSE,FALSE
87,"Tgfb1i1",2.69204529857883,0.007107537450808,"other",FALSE,FALSE
88,"Ybx1",2.68712663393487,0.00721301932723208,"other",FALSE,FALSE
89,"Mef2c",2.67322517778215,0.00751877797781041,"other",FALSE,FALSE
90,"Sry",2.67086460387398,0.00757183735398445,"other",FALSE,FALSE
91,"Nfkb2",2.66471931946691,0.00771154492775429,"other",FALSE,FALSE
92,"Dnmt3a",2.65965928502894,0.00782830988718395,"other",FALSE,FALSE
93,"Yy1",2.65736635536756,0.00788174096778924,"other",FALSE,FALSE
94,"Eomes",2.65495097481935,0.00793837857091398,"other",FALSE,FALSE
95,"Gata6",2.63640778338018,0.00838547514962064,"other",FALSE,FALSE
96,"Nkx2-5",2.5928089398113,0.00952660625868812,"other",FALSE,FALSE
97,"Nfatc4",2.54439681862689,0.0109542385653673,"other",FALSE,FALSE
98,"Msx1",2.5406487671956,0.011072316634647,"other",FALSE,FALSE
99,"Sox5",2.52881992117687,0.0114524210428718,"other",FALSE,FALSE
100,"Sox6",2.52834084632448,0.0114680566418313,"other",FALSE,FALSE
101,"Atf4",2.52823920338199,0.0114713764050383,"other",FALSE,FALSE
102,"Tcf4",2.5268158525608,0.0115179541988607,"other",FALSE,FALSE
103,"Ets2",2.5182679735274,0.0118012225084782,"other",FALSE,FALSE
104,"Sin3a",2.51351766705805,0.0119612995386163,"other",FALSE,FALSE
105,"Zfp202",2.51150476517531,0.0120297095398564,"other",FALSE,FALSE
106,"Tbx21",2.45086285362347,0.0142600630741366,"other",FALSE,FALSE
107,"Nrg1",2.43311811338224,0.0149782622314004,"other",FALSE,FALSE
108,"Nfatc1",2.41918467465161,0.0155643488649685,"other",FALSE,FALSE
109,"Srf",2.40220138876237,0.0163059411470063,"other",FALSE,FALSE
110,"Foxn1",2.3686734608941,0.0178616093414706,"other",FALSE,FALSE
111,"Znf350",2.36784790641519,0.0179015014726293,"other",FALSE,FALSE
112,"Runx1",2.36104398090437,0.0182332616907103,"other",FALSE,FALSE
113,"Taf1",2.35284748959947,0.0186400628084444,"other",FALSE,FALSE
114,"Atf3",2.34775715223785,0.0188966803922312,"other",FALSE,FALSE
115,"Hmgb2",2.33289121053783,0.0196638811504723,"other",FALSE,FALSE
116,"Ezh2",2.30524964133427,0.0211629482563657,"other",FALSE,FALSE
117,"Foxp1",2.30122038854668,0.0213895767338966,"other",FALSE,FALSE
118,"Sp2",2.28940250776342,0.0220665157362214,"other",FALSE,FALSE
119,"Nfkbib",2.28684802863936,0.0222152642815699,"other",FALSE,FALSE
120,"Lef1",2.28556380787194,0.0222903739372909,"other",FALSE,FALSE
121,"Id1",2.24945726305787,0.0244944273507242,"other",FALSE,FALSE
122,"Ascl1",2.23877264066109,0.0251818465009891,"other",FALSE,FALSE
123,"Rxra",2.22613709548719,0.0260162800713931,"other",FALSE,FALSE
124,"Ncoa3",2.22597445723739,0.026027174464038,"other",FALSE,FALSE
125,"Fosb",2.20624213352362,0.0273785609375571,"AP-1/immediate-early",FALSE,FALSE
126,"Hmga2",2.19394275172244,0.0282511770184555,"other",FALSE,FALSE
127,"Tfap2c",2.18729853303514,0.0287324653461205,"other",FALSE,FALSE
128,"Irf4",2.1865413020303,0.0287877626462889,"other",FALSE,FALSE
129,"Egr4",2.18550961473296,0.0288632497648254,"other",FALSE,FALSE
130,"Esrrb",2.17465159382151,0.0296681064117632,"other",FALSE,FALSE
131,"Abl1",2.16220808847372,0.0306141525437833,"other",FALSE,FALSE
132,"Rarg",2.16175449864694,0.0306491217034114,"other",FALSE,FALSE
133,"Sfpq",2.14943467454962,0.0316121147188925,"other",FALSE,FALSE
134,"Zfp384",2.14186760597298,0.0322163770547339,"other",FALSE,FALSE
135,"Nfat5",2.13870952333866,0.0324714757214672,"other",FALSE,FALSE
136,"Notch1",2.09880084874827,0.0358471708768844,"other",FALSE,FALSE
137,"Pou2f2",2.07974593746177,0.0375617561017708,"other",FALSE,FALSE
138,"Creb1",2.07876983648312,0.0376514347791135,"growth-factor/other-stress",FALSE,FALSE
139,"Gata1",2.06745574801016,0.0387042727697865,"other",FALSE,FALSE
140,"Hoxa13",2.05583433275524,0.0398116508534842,"other",FALSE,FALSE
141,"Kat6b",2.0143199903476,0.043989529251583,"other",FALSE,FALSE
142,"Crx",2.01139526288599,0.0442973326577061,"other",FALSE,FALSE
143,"Foxa1",1.99890869486591,0.045631963915397,"other",FALSE,FALSE
144,"Tfeb",1.9973266976276,0.0458034502435491,"other",FALSE,FALSE
145,"Cebpg",1.96441063612134,0.0494965427461947,"other",FALSE,FALSE
146,"Nr4a2",1.94877465283018,0.0513365346051304,"other",FALSE,FALSE
147,"Dnmt1",1.94186961800969,0.0521671395210934,"other",FALSE,FALSE
148,"Nfatc2",1.93992917875583,0.0524025675711275,"other",FALSE,FALSE
149,"Nfe2l2",1.92143160393437,0.0546917457188511,"other",FALSE,FALSE
150,"Gata4",1.90837754433474,0.0563569734994717,"other",FALSE,FALSE
151,"Sirt1",1.90290978355212,0.0570668990051141,"other",FALSE,FALSE
152,"Ewsr1",1.89948544873378,0.0575152864468132,"other",FALSE,FALSE
153,"Rorc",1.89907596938835,0.0575690998447724,"other",FALSE,FALSE
154,"Nr5a1",1.89839455951464,0.0576587428971153,"other",FALSE,FALSE
155,"Foxd1",1.89729728529145,0.0578033389763884,"other",FALSE,FALSE
156,"Dlx3",1.89701316771232,0.0578408283774577,"other",FALSE,FALSE
157,"Irf8",1.89314114720171,0.0583537603285576,"other",FALSE,FALSE
158,"Gtf2i",1.8846097945092,0.0594972645718045,"other",FALSE,FALSE
159,"Ncor2",1.85827469330866,0.063144938678305,"other",FALSE,FALSE
160,"Nrf1",1.85750150565454,0.0632547657819999,"other",FALSE,FALSE
161,"Noto",1.8555817245453,0.0635281430381253,"other",FALSE,FALSE
162,"Kdm2a",1.84430462338952,0.0651537803941716,"other",FALSE,FALSE
163,"Myc",1.82785322558679,0.0675867168269337,"proliferation/metabolism",FALSE,FALSE
164,"Hmga1",1.80491978098188,0.0711025169023972,"other",FALSE,FALSE
165,"Plagl2",1.78469275979453,0.0743265671202687,"other",FALSE,FALSE
166,"Atf6",1.77910172985128,0.0752385179517216,"other",FALSE,FALSE
167,"Hoxa10",1.77119802950782,0.0765432531687815,"other",FALSE,FALSE
168,"Pax8",1.76842874540731,0.0770047457968084,"other",FALSE,FALSE
169,"Creb3l1",1.76673641780859,0.0772878816606237,"other",FALSE,FALSE
170,"Hand2",1.7648329125089,0.0776073618166235,"other",FALSE,FALSE
171,"Rxrb",1.7617019982341,0.0781351868700958,"other",FALSE,FALSE
172,"Crebbp",1.75801508150697,0.0787604890780774,"other",FALSE,FALSE
173,"Tox3",1.75500151714831,0.0792746094350053,"other",FALSE,FALSE
174,"Pbrm1",1.72832043824827,0.0839464786148733,"other",FALSE,FALSE
175,"Kat5",1.72092560280673,0.0852800449592101,"other",FALSE,FALSE
176,"Ttf1",1.71720238952411,0.0859579347863295,"other",FALSE,FALSE
177,"Gcm1",1.69268361336901,0.0905315367201658,"other",FALSE,FALSE
178,"Ebf1",1.68752580997316,0.0915181401630339,"other",FALSE,FALSE
179,"Fhl2",1.67957226911349,0.0930564423828259,"other",FALSE,FALSE
180,"Gata3",1.67328636222949,0.0942868313529389,"other",FALSE,FALSE
181,"Tfap2b",1.66706990563108,0.0955164196134054,"other",FALSE,FALSE
182,"Nanog",1.65407449266381,0.0981283283609063,"other",FALSE,FALSE
183,"Klf8",1.64973210987687,0.0990137011708419,"other",FALSE,FALSE
184,"Gsc",1.64769451562857,0.099431340557242,"other",FALSE,FALSE
185,"Park7",1.63073511025188,0.102962229191045,"other",FALSE,FALSE
186,"Fgf2",1.62495525312258,0.104188109384503,"other",FALSE,FALSE
187,"Pou2f1",1.6197222604937,0.105307977284695,"other",FALSE,FALSE
188,"Sox10",1.61913058266435,0.105435196031125,"other",FALSE,FALSE
189,"Litaf",1.60829713176656,0.107786161813021,"other",FALSE,FALSE
190,"Cxxc1",1.6052577722474,0.108453135654597,"other",FALSE,FALSE
191,"Esr1",1.60431472452218,0.108660745850334,"nuclear receptor",FALSE,FALSE
192,"Prop1",1.60397800588207,0.108734949964448,"other",FALSE,FALSE
193,"Gtf2ird1",1.60188030984453,0.109198131363476,"other",FALSE,FALSE
194,"Myb",1.57956224702937,0.114223224557489,"other",FALSE,FALSE
195,"Tbx2",1.57499464277899,0.115273757750856,"other",FALSE,FALSE
196,"Hoxc6",1.57238121598933,0.115878245913711,"other",FALSE,FALSE
197,"Fli1",1.57202499156045,0.115960833585352,"other",FALSE,FALSE
198,"Kat2b",1.57079441158667,0.116246489328992,"other",FALSE,FALSE
199,"Zfp236",1.56863749423652,0.116748510349197,"other",FALSE,FALSE
200,"Myrf",1.56406769309409,0.117817753225645,"other",FALSE,FALSE
201,"Ybx3",1.56274854678607,0.11812783232854,"other",FALSE,FALSE
202,"Esrrg",1.56243578621214,0.118201443769896,"other",FALSE,FALSE
203,"Pitx3",1.5534780996457,0.120325039957357,"other",FALSE,FALSE
204,"Hey1",1.55229023064541,0.120608876988191,"other",FALSE,FALSE
205,"Trp63",1.54826493288318,0.121574605816794,"other",FALSE,FALSE
206,"Hhex",1.50174213878575,0.133179763011565,"other",FALSE,FALSE
207,"Id3",1.49354957046067,0.1353094227682,"other",FALSE,FALSE
208,"Ahrr",1.49158913689698,0.135822918583426,"other",FALSE,FALSE
209,"Zfp362",1.47479238133686,0.140284369200664,"other",FALSE,FALSE
210,"Pitx2",1.46884626314405,0.141890478673436,"other",FALSE,FALSE
211,"Foxd3",1.45998252147442,0.144310842461629,"other",FALSE,FALSE
212,"Zfp729a",1.44806832836421,0.147613875067162,"other",FALSE,FALSE
213,"Nr2c1",1.4407884593923,0.149660366438791,"other",FALSE,FALSE
214,"Relb",1.43817917912839,0.150399124892667,"other",FALSE,FALSE
215,"Zgpat",1.42030719540997,0.155534111396536,"other",FALSE,FALSE
216,"Klf15",1.41085290806465,0.15830379935405,"other",FALSE,FALSE
217,"Arid1a",1.40852827863187,0.158990499671727,"other",FALSE,FALSE
218,"Hoxb5",1.40831762843705,0.159052837400234,"other",FALSE,FALSE
219,"Tfap4",1.40267453913177,0.160729690132309,"other",FALSE,FALSE
220,"Plag1",1.3858122884489,0.165819934441154,"other",FALSE,FALSE
221,"Nr3c1",1.37421035608928,0.169392038320465,"nuclear receptor",FALSE,FALSE
222,"Dlx5",1.36644923116972,0.171813619351392,"other",FALSE,FALSE
223,"Klf3",1.33772002996161,0.181003179516823,"other",FALSE,FALSE
224,"Arid3a",1.33061917196846,0.1833297701869,"other",FALSE,FALSE
225,"Peg3",1.32930671286439,0.183762212061067,"other",FALSE,FALSE
226,"Dnmt3b",1.32417760094253,0.185459448946819,"other",FALSE,FALSE
227,"Nr2c2",1.31640943452199,0.188051990763317,"other",FALSE,FALSE
228,"Pax3",1.31527333138136,0.188433383705798,"other",FALSE,FALSE
229,"Pbx1",1.31344888463943,0.189047048945074,"other",FALSE,FALSE
230,"Vdr",1.31251173253216,0.189362838769414,"other",FALSE,FALSE
231,"Tcf3",1.30891371145804,0.19057886730028,"other",FALSE,FALSE
232,"Mef2bl",1.30769601564061,0.190991713276756,"other",FALSE,FALSE
233,"Trp73",1.30420555856768,0.192178760482424,"other",FALSE,FALSE
234,"Tbp",1.30169860297529,0.193034676213281,"other",FALSE,FALSE
235,"Klf4",1.30109101414926,0.193242538030048,"other",FALSE,FALSE
236,"Hsf4",1.29952339118808,0.193779595802994,"other",FALSE,FALSE
237,"Arntl2",1.29824753071455,0.194217505918005,"other",FALSE,FALSE
238,"Rest",1.2845583538313,0.198961781962217,"other",FALSE,FALSE
239,"Mkx",1.27669142736346,0.201726275597901,"other",FALSE,FALSE
240,"Tcf7",1.27526963942348,0.202228876094377,"other",FALSE,FALSE
241,"Mta1",1.27018163866511,0.204034955615544,"other",FALSE,FALSE
242,"Kat7",1.26475622165623,0.205973708016598,"other",FALSE,FALSE
243,"Tsc22d1",1.26453193401331,0.206054143452824,"other",FALSE,FALSE
244,"Irf6",1.25255675061621,0.210381948890181,"other",FALSE,FALSE
245,"Zfp148",1.24785860176945,0.212097692767296,"other",FALSE,FALSE
246,"Elk4",1.24740893940446,0.212262436176202,"other",FALSE,FALSE
247,"Gata2",1.24640678174153,0.212629930613403,"other",FALSE,FALSE
248,"Nfyb",1.24208198085015,0.214221119627019,"other",FALSE,FALSE
249,"Sox17",1.24049698724843,0.214806418650155,"other",FALSE,FALSE
250,"Ikzf3",1.2387826106149,0.215440792444345,"other",FALSE,FALSE
251,"Irf7",1.23637202873388,0.216335065881728,"other",FALSE,FALSE
252,"Mta2",1.23274943456714,0.217683989970991,"other",FALSE,FALSE
253,"Eno1",1.2283778187,0.219319862455659,"other",FALSE,FALSE
254,"En1",1.21604477180119,0.223982455027435,"other",FALSE,FALSE
255,"Hnf4a",1.21451769219874,0.224564672691139,"other",FALSE,FALSE
256,"Hes1",1.2069484230961,0.227466516553177,"other",FALSE,FALSE
257,"Zfpm1",1.20206172096976,0.229354081665102,"other",FALSE,FALSE
258,"Ddit3",1.20134002256864,0.229633790890907,"other",FALSE,FALSE
259,"Nsd2",1.19724680874477,0.231224792996787,"other",FALSE,FALSE
260,"Bcl3",1.1886984303877,0.234572703981788,"other",FALSE,FALSE
261,"Brd4",1.18006261605289,0.237989577480873,"other",FALSE,FALSE
262,"E2f3",1.17853125247822,0.238599132020961,"other",FALSE,FALSE
263,"Dlx4",1.17351797074763,0.240602358851116,"other",FALSE,FALSE
264,"Smarcc1",1.16039919549045,0.245900392582877,"other",FALSE,FALSE
265,"Etv6",1.15615617056939,0.247631320824077,"other",FALSE,FALSE
266,"Bcl11b",1.14635593122474,0.251661849070325,"other",FALSE,FALSE
267,"Olig1",1.14583844696587,0.251875938583454,"other",FALSE,FALSE
268,"Onecut1",1.14539075172281,0.25206125798194,"other",FALSE,FALSE
269,"Stat1",1.13587065599277,0.256024535063447,"cytokine/STAT",FALSE,FALSE
270,"Foxc2",1.09481215325385,0.273612341677351,"other",FALSE,FALSE
271,"Tfe3",1.09382393922763,0.274045592595498,"other",FALSE,FALSE
272,"Mafk",1.0880135022765,0.276602472968321,"other",FALSE,FALSE
273,"Pura",1.0853747865017,0.27776899182044,"other",FALSE,FALSE
274,"Nfkbiz",1.07881778086148,0.280682190769699,"other",FALSE,FALSE
275,"Tead4",1.07308045673966,0.283248178378135,"other",FALSE,FALSE
276,"Bhlha15",1.06204147683196,0.288229890456914,"other",FALSE,FALSE
277,"Nkx6-1",1.0598770928656,0.289213527743652,"other",FALSE,FALSE
278,"Ctbp2",1.05277564691349,0.29245675652132,"other",FALSE,FALSE
279,"Gfi1b",1.05128798983749,0.293139251826105,"other",FALSE,FALSE
280,"Cebpa",1.04536901542143,0.295865292830143,"other",FALSE,FALSE
281,"Tead1",1.01880792812168,0.308306687154167,"other",FALSE,FALSE
282,"Nrl",1.01754387700531,0.308907281166788,"other",FALSE,FALSE
283,"Twist2",1.0104901413237,0.312272945671572,"other",FALSE,FALSE
284,"Nr2f2",1.00962707261194,0.31268640880612,"other",FALSE,FALSE
285,"Myf5",1.00935038991599,0.312819033175258,"other",FALSE,FALSE
286,"Hdgf",1.00798994554586,0.313471683931702,"other",FALSE,FALSE
287,"Meox1",1.00384746996823,0.315464483760339,"other",FALSE,FALSE
288,"Rreb1",1.00248460100972,0.316121927685797,"other",FALSE,FALSE
289,"Bhlhe41",1.00075898529415,0.316955649117506,"other",FALSE,FALSE
290,"Ebf3",0.996798572199824,0.318874549007519,"other",FALSE,FALSE
291,"E2f4",0.991808078355512,0.32130335201744,"other",FALSE,FALSE
292,"Arnt",0.985501293831658,0.324390013636705,"other",FALSE,FALSE
293,"Pou4f2",0.974653141250843,0.329744325458323,"other",FALSE,FALSE
294,"Tcf21",0.973480754539682,0.330326387435533,"other",FALSE,FALSE
295,"Gli1",0.952414587661754,0.340898462960224,"other",FALSE,FALSE
296,"Nr4a3",0.951181552645557,0.341523904248893,"other",FALSE,FALSE
297,"Tbpl2",0.950974545192556,0.341628978097463,"other",FALSE,FALSE
298,"Spic",0.949971493872274,0.342138404720505,"other",FALSE,FALSE
299,"Cdx2",0.948286928674148,0.342995049198207,"other",FALSE,FALSE
300,"Pitx1",0.939380881898909,0.347546755921827,"other",FALSE,FALSE
301,"Kdm5a",0.939151909473005,0.347664283653214,"other",FALSE,FALSE
302,"Hlx",0.935484836535822,0.349549974535227,"other",FALSE,FALSE
303,"E2f1",0.933578395379137,0.350532869502669,"other",FALSE,FALSE
304,"Sp7",0.930710174031903,0.352014923593765,"other",FALSE,FALSE
305,"Etv5",0.92788914313113,0.353476458057623,"other",FALSE,FALSE
306,"Hinfp",0.916116591616923,0.359616973535846,"other",FALSE,FALSE
307,"Vezf1",0.901823182978663,0.367161840886118,"other",FALSE,FALSE
308,"Pin1",0.900964455811304,0.36761824540732,"other",FALSE,FALSE
309,"Zglp1",0.892026799139693,0.372389476232194,"other",FALSE,FALSE
310,"Med1",0.89060502230282,0.373151992918787,"other",FALSE,FALSE
311,"Atf5",0.890103702212192,0.373421087557941,"other",FALSE,FALSE
312,"Etv1",0.88928072329671,0.373863100095798,"other",FALSE,FALSE
313,"Ventx",0.888351740173348,0.374362435096826,"other",FALSE,FALSE
314,"Arid3b",0.887718845131461,0.374702856768057,"other",FALSE,FALSE
315,"Dach1",0.884503861203388,0.376435086471293,"other",FALSE,FALSE
316,"Hoxc8",0.881123319927777,0.37826183873375,"other",FALSE,FALSE
317,"Pax9",0.876136242591828,0.380966667341959,"other",FALSE,FALSE
318,"E4f1",0.866883617226408,0.386016351356416,"other",FALSE,FALSE
319,"Myog",0.862861303928892,0.388224244808547,"other",FALSE,FALSE
320,"Pax6",0.861122707903592,0.389180956534362,"other",FALSE,FALSE
321,"Irx1",0.857844800395122,0.390988616351219,"other",FALSE,FALSE
322,"Mef2d",0.85201665119856,0.394215219707454,"other",FALSE,FALSE
323,"Elk3",0.846183709524542,0.397460558409031,"other",FALSE,FALSE
324,"Tbpl1",0.830020659255058,0.406537172972615,"other",FALSE,FALSE
325,"Hoxb9",0.812354904540259,0.41659784201802,"other",FALSE,FALSE
326,"Zbtb18",0.795108114071674,0.426560205486953,"other",FALSE,FALSE
327,"Trerf1",0.794637913977734,0.426833741075939,"other",FALSE,FALSE
328,"Bcl6",0.786398855723997,0.431643323918643,"other",FALSE,FALSE
329,"Hdac5",0.77175921261915,0.440266321314497,"other",FALSE,FALSE
330,"Grhl2",0.751990431168692,0.452065807885837,"other",FALSE,FALSE
331,"Zic1",0.751668529963743,0.452259410278633,"other",FALSE,FALSE
332,"Olig2",0.747293411267912,0.454895398413304,"other",FALSE,FALSE
333,"Arx",0.744193030961152,0.456768590305779,"other",FALSE,FALSE
334,"Hoxd1",0.743851348367269,0.456975293408183,"other",FALSE,FALSE
335,"Tbx18",0.739921967701402,0.459356171656624,"other",FALSE,FALSE
336,"Srsf2",0.733290173733375,0.463390202787117,"other",FALSE,FALSE
337,"Tfam",0.727269697166511,0.467069410110095,"other",FALSE,FALSE
338,"Zbtb7b",0.70990877497258,0.477769120987955,"other",FALSE,FALSE
339,"Apex1",0.70589301030969,0.480263031606046,"other",FALSE,FALSE
340,"Zfp143",0.700300981999816,0.483747638370812,"other",FALSE,FALSE
341,"Yap1",0.697126717512495,0.485731731159494,"other",FALSE,FALSE
342,"Dbp",0.67999973363649,0.496512629437837,"other",FALSE,FALSE
343,"Tfdp1",0.678303178775336,0.497587460128957,"other",FALSE,FALSE
344,"Maml1",0.675984237049606,0.499058597714463,"other",FALSE,FALSE
345,"Meox2",0.673939867650689,0.50035746089007,"other",FALSE,FALSE
346,"Zkscan7",0.666808309467586,0.504902402872057,"other",FALSE,FALSE
347,"Mbd2",0.666068384681497,0.505375199651985,"other",FALSE,FALSE
348,"Klf11",0.663545003050507,0.50698934076127,"other",FALSE,FALSE
349,"Mybl2",0.659500088524393,0.509582407520957,"other",FALSE,FALSE
350,"Ahr",0.647763419557304,0.517145535991839,"other",FALSE,FALSE
351,"Mycn",0.639444678533315,0.522541135664089,"other",FALSE,FALSE
352,"Gata5",0.634244556560785,0.525928606594646,"other",FALSE,FALSE
353,"Zfp335",0.623356373820988,0.533057584916922,"other",FALSE,FALSE
354,"Foxc1",0.620905326533406,0.534669108179103,"other",FALSE,FALSE
355,"Rcor2",0.619116055856664,0.53584707442914,"other",FALSE,FALSE
356,"Preb",0.616421330134493,0.537623610170715,"other",FALSE,FALSE
357,"Nkx2-2",0.610459905440307,0.541564245869331,"other",FALSE,FALSE
358,"Nr0b1",0.607483912742405,0.543536825817487,"other",FALSE,FALSE
359,"Snai1",0.602764870576367,0.546672066163181,"other",FALSE,FALSE
360,"Hesx1",0.593305287951817,0.552983679786164,"other",FALSE,FALSE
361,"Fosl1",0.589742454234014,0.555370099545449,"other",FALSE,FALSE
362,"Rara",0.588846346873535,0.555971111551339,"other",FALSE,FALSE
363,"Neurod1",0.584569625666299,0.558843838437926,"other",FALSE,FALSE
364,"Usf1",0.583018721183155,0.559887378847138,"other",FALSE,FALSE
365,"Prdm1",0.581884093136966,0.560651421863187,"other",FALSE,FALSE
366,"Creb3",0.570246937662933,0.568516735688853,"other",FALSE,FALSE
367,"Gtf3a",0.558038120963458,0.576824702261274,"other",FALSE,FALSE
368,"Kmt2b",0.541431772411759,0.588216142475183,"other",FALSE,FALSE
369,"Nkx2-1",0.538761934100723,0.590057227358,"other",FALSE,FALSE
370,"Hlf",0.538490056350505,0.590244859466047,"other",FALSE,FALSE
371,"Ubtf",0.53023658648378,0.595953890521606,"other",FALSE,FALSE
372,"Nfe2l3",0.528101454217511,0.597434876927729,"other",FALSE,FALSE
373,"Smarca5",0.523091446521457,0.600916507614358,"other",FALSE,FALSE
374,"Pax2",0.521400260888044,0.602093837829484,"other",FALSE,FALSE
375,"Zfhx3",0.494879111841937,0.620690981636367,"other",FALSE,FALSE
376,"Npas2",0.488947486168857,0.624884325184381,"other",FALSE,FALSE
377,"E2f5",0.479747798579479,0.631412067790328,"other",FALSE,FALSE
378,"Erg",0.474243730399561,0.635331374786808,"other",FALSE,FALSE
379,"Lhx2",0.471063860099826,0.637600354300576,"other",FALSE,FALSE
380,"Ctcfl",0.464418020037882,0.642353420208628,"other",FALSE,FALSE
381,"Twist1",0.46150725152737,0.644439821559869,"other",FALSE,FALSE
382,"Maf",0.459992582325985,0.645526627287053,"other",FALSE,FALSE
383,"Myod1",0.459783165833628,0.64567694749852,"other",FALSE,FALSE
384,"Klf10",0.457791687896809,0.647107162980288,"other",FALSE,FALSE
385,"Zfp64",0.452107446132616,0.651196563342794,"other",FALSE,FALSE
386,"Nfatc3",0.44538729388515,0.656044792648827,"other",FALSE,FALSE
387,"Kmt2a",0.425868458674493,0.670208357335484,"other",FALSE,FALSE
388,"Cebpe",0.423861885044447,0.671671175800878,"other",FALSE,FALSE
389,"Hoxa1",0.421442975477107,0.673436246801206,"other",FALSE,FALSE
390,"Zfp523",0.414357788207639,0.678616614850067,"other",FALSE,FALSE
391,"Zhx2",0.400668532724189,0.688668531493064,"other",FALSE,FALSE
392,"Hipk2",0.398090101825295,0.690568089241688,"other",FALSE,FALSE
393,"Crem",0.395960032961573,0.692138805845411,"other",FALSE,FALSE
394,"Nfyc",0.393375871844869,0.69404614965173,"other",FALSE,FALSE
395,"Nono",0.389132220845986,0.697182550241966,"other",FALSE,FALSE
396,"Ctbp1",0.377734636403817,0.705631808933921,"other",FALSE,FALSE
397,"Ehf",0.374511267504726,0.708028011085382,"other",FALSE,FALSE
398,"Tcf12",0.372310177615231,0.709665931390559,"other",FALSE,FALSE
399,"Mitf",0.370002834467137,0.711384360604452,"other",FALSE,FALSE
400,"Hcfc1",0.357127825154048,0.720999944518811,"other",FALSE,FALSE
401,"Fev",0.350977087945647,0.725609294995805,"other",FALSE,FALSE
402,"Nr1d2",0.330680386622999,0.740889439686652,"other",FALSE,FALSE
403,"Stat4",0.325725363026393,0.744635616509617,"other",FALSE,FALSE
404,"Meis2",0.320572605435473,0.748537704645691,"other",FALSE,FALSE
405,"Mecom",0.316271757132199,0.751799601045806,"other",FALSE,FALSE
406,"Esrra",0.307035811399872,0.758819363366419,"other",FALSE,FALSE
407,"Nr1h4",0.288895758700354,0.772664192811605,"nuclear receptor",FALSE,FALSE
408,"Tbx6",0.281098407876365,0.778637877894527,"other",FALSE,FALSE
409,"Kat6a",0.280696614878673,0.77894605644645,"other",FALSE,FALSE
410,"Usf2",0.28062160477325,0.779003593669439,"other",FALSE,FALSE
411,"Mzf1",0.273546952492033,0.784435676217798,"other",FALSE,FALSE
412,"Kdm5b",0.272229268395708,0.785448594766713,"other",FALSE,FALSE
413,"Znf300",0.262082496024569,0.793260584811677,"other",FALSE,FALSE
414,"Bach1",0.258691896199888,0.795875678516326,"other",FALSE,FALSE
415,"Sox4",0.243813803665473,0.807377570951444,"other",FALSE,FALSE
416,"Scx",0.238252951484187,0.811687390853219,"other",FALSE,FALSE
417,"T",0.237290262112411,0.812434086477514,"other",FALSE,FALSE
418,"Zbtb14",0.236211006250854,0.813271397962798,"other",FALSE,FALSE
419,"Batf",0.232698154803295,0.815998222362522,"other",FALSE,FALSE
420,"Btg2",0.21323078773923,0.831149164331244,"other",FALSE,FALSE
421,"Prrx1",0.209102779731903,0.83437016931823,"other",FALSE,FALSE
422,"Thra",0.205221193642302,0.837401434505461,"other",FALSE,FALSE
423,"Lyl1",0.197399088683382,0.84351728165152,"other",FALSE,FALSE
424,"Nfib",0.196320580866061,0.844361281020352,"other",FALSE,FALSE
425,"Npm1",0.186815285140908,0.851807388066835,"other",FALSE,FALSE
426,"Pax5",0.174895205619024,0.861163777022404,"other",FALSE,FALSE
427,"Nkx3-1",0.171600457771447,0.863753412143326,"other",FALSE,FALSE
428,"Rarb",0.159254127024698,0.873470295234204,"other",FALSE,FALSE
429,"Grhl3",0.157830815600527,0.874591735170753,"other",FALSE,FALSE
430,"Ppard",0.147500171907426,0.882738755292855,"other",FALSE,FALSE
431,"Zfp42",0.125196342007697,0.900369392087249,"other",FALSE,FALSE
432,"Etv2",0.123610809124961,0.901624696217968,"other",FALSE,FALSE
433,"Mafa",0.117449310655812,0.906505208914165,"other",FALSE,FALSE
434,"Nr5a2",0.116339256083241,0.907384862227311,"other",FALSE,FALSE
435,"Znf331",0.109010614153825,0.913195183202381,"other",FALSE,FALSE
436,"Daxx",0.104478989252944,0.916790306023207,"other",FALSE,FALSE
437,"Mtf2",0.0986768141424942,0.921395883777654,"other",FALSE,FALSE
438,"Foxl2",0.0935958164213799,0.925431185967801,"other",FALSE,FALSE
439,"Mecp2",0.0869354247890583,0.93072372578814,"other",FALSE,FALSE
440,"Mafb",0.0842220562984406,0.932880738887392,"other",FALSE,FALSE
441,"Klf12",0.0777975916835395,0.937989853228949,"other",FALSE,FALSE
442,"Smad5",0.0719697508273315,0.942626712203547,"other",FALSE,FALSE
443,"Trim28",0.0361233243464795,0.971184390752038,"other",FALSE,FALSE
444,"Klf13",0.0341898867015397,0.972726077863131,"other",FALSE,FALSE
445,"Atoh1",0.0131758635004859,0.989487619684667,"other",FALSE,FALSE
446,"Ascl2",0.0105424920338346,0.991588571066978,"other",FALSE,FALSE
447,"Esr2",-0.0304340217925144,0.975721220607297,"other",FALSE,FALSE
448,"Nfia",-0.0307828748646316,0.975443010026588,"other",FALSE,FALSE
449,"Zfp263",-0.0345930498127362,0.972404594517163,"other",FALSE,FALSE
450,"Id4",-0.0471190803554526,0.96241879848745,"other",FALSE,FALSE
451,"Arid4a",-0.052891939423877,0.957818543741064,"other",FALSE,FALSE
452,"Zbtb16",-0.0548962553953178,0.956221672475425,"other",FALSE,FALSE
453,"Tfap2d",-0.0570751700486736,0.954485895126452,"other",FALSE,FALSE
454,"Nr2f1",-0.0576538282674657,0.954024957603168,"other",FALSE,FALSE
455,"Zbtb4",-0.0606055767165686,0.951673947609825,"other",FALSE,FALSE
456,"Zbtb7a",-0.0629744754342513,0.949787469267889,"other",FALSE,FALSE
457,"Pou1f1",-0.0688873687553795,0.94507997288363,"other",FALSE,FALSE
458,"Zbtb17",-0.0765156056143468,0.939009676802153,"other",FALSE,FALSE
459,"Rora",-0.076554866989092,0.93897844277304,"other",FALSE,FALSE
460,"Nfil3",-0.0952499833397226,0.924117239379444,"other",FALSE,FALSE
461,"Mxd1",-0.109414238648672,0.91287505647685,"other",FALSE,FALSE
462,"Zeb2",-0.109939633180532,0.912458371459848,"other",FALSE,FALSE
463,"Dmap1",-0.121326379258369,0.90343376558883,"other",FALSE,FALSE
464,"Snai2",-0.126237755028952,0.899545015989265,"other",FALSE,FALSE
465,"Arid5b",-0.127193971995076,0.89878817597885,"other",FALSE,FALSE
466,"Cux1",-0.132000582452148,0.894985180674026,"other",FALSE,FALSE
467,"Trps1",-0.133072342521473,0.89413752882473,"other",FALSE,FALSE
468,"Foxe1",-0.134987390557258,0.892623224649103,"other",FALSE,FALSE
469,"Wwtr1",-0.135883158580635,0.891915039501303,"other",FALSE,FALSE
470,"Hdac3",-0.143091374485057,0.886219482176674,"other",FALSE,FALSE
471,"Creb5",-0.157866347667411,0.874563736058322,"other",FALSE,FALSE
472,"Zfpm2",-0.18089121143993,0.856454830313623,"other",FALSE,FALSE
473,"Zfp382",-0.182228173193739,0.855405541329183,"other",FALSE,FALSE
474,"Tfcp2",-0.19276767915777,0.847142906427124,"other",FALSE,FALSE
475,"Cdx1",-0.197593159763501,0.843365428021934,"other",FALSE,FALSE
476,"Hdac7",-0.2092978617128,0.834217887579279,"other",FALSE,FALSE
477,"Ppargc1a",-0.222665183207635,0.82379841195238,"other",FALSE,FALSE
478,"Utf1",-0.226025391878329,0.82118401902342,"other",FALSE,FALSE
479,"Neurog1",-0.236344578298404,0.813167758105458,"other",FALSE,FALSE
480,"Clock",-0.240527201413205,0.809924084217475,"other",FALSE,FALSE
481,"Crebzf",-0.253801054916736,0.799651910184837,"other",FALSE,FALSE
482,"Sall2",-0.255165589590684,0.798597873906782,"other",FALSE,FALSE
483,"Atf1",-0.264358911545176,0.791506138109221,"other",FALSE,FALSE
484,"Arntl",-0.267174208562357,0.789337833144726,"other",FALSE,FALSE
485,"Atf7",-0.268068531481173,0.78864937778827,"other",FALSE,FALSE
486,"Pml",-0.279052589729448,0.780207398938363,"other",FALSE,FALSE
487,"Mbd1",-0.284157591647096,0.776292603329479,"other",FALSE,FALSE
488,"Erf",-0.296094734390073,0.767160859845846,"other",FALSE,FALSE
489,"Zfp160",-0.29801468239222,0.765695104048038,"other",FALSE,FALSE
490,"Ovol1",-0.305145504739109,0.760258562588059,"other",FALSE,FALSE
491,"Znf699",-0.306657413064718,0.759107393087394,"other",FALSE,FALSE
492,"Kdm5c",-0.308632018826349,0.757604728937919,"other",FALSE,FALSE
493,"Thrb",-0.310667213984047,0.75605691474286,"other",FALSE,FALSE
494,"Sall3",-0.325434132654551,0.744855986280443,"other",FALSE,FALSE
495,"Pou5f1",-0.334366571429115,0.738106524942655,"other",FALSE,FALSE
496,"Elf1",-0.33516117878012,0.737507077741442,"other",FALSE,FALSE
497,"Jarid2",-0.34093424079065,0.733156727031945,"other",FALSE,FALSE
498,"Neurog2",-0.355929734897371,0.721897002586209,"other",FALSE,FALSE
499,"Mxi1",-0.36867297652755,0.712375459980309,"other",FALSE,FALSE
500,"Zfp395",-0.373027587278703,0.709131929901802,"other",FALSE,FALSE
501,"Arid1b",-0.373254778939171,0.708962850327518,"other",FALSE,FALSE
502,"Aire",-0.385521257953085,0.699855427237744,"other",FALSE,FALSE
503,"Foxj1",-0.389629625165951,0.69681465919082,"other",FALSE,FALSE
504,"Jdp2",-0.394756130542362,0.693027152282541,"other",FALSE,FALSE
505,"Kdm5d",-0.395323830626125,0.692608199911971,"other",FALSE,FALSE
506,"Hoxd13",-0.402583767160554,0.687258826722562,"other",FALSE,FALSE
507,"Nfic",-0.42362684435487,0.67184260507577,"other",FALSE,FALSE
508,"Elf2",-0.438095577556568,0.66132180919914,"other",FALSE,FALSE
509,"Sox11",-0.439033143839935,0.660642341562955,"other",FALSE,FALSE
510,"Hoxb4",-0.449641283646004,0.652974068077891,"other",FALSE,FALSE
511,"Gfi1",-0.451675284625544,0.651507904024173,"other",FALSE,FALSE
512,"Pou3f2",-0.458800886966798,0.646382225306644,"other",FALSE,FALSE
513,"Mnt",-0.46019219895666,0.645383354945176,"other",FALSE,FALSE
514,"Hnf1b",-0.470888563932579,0.637725535034124,"other",FALSE,FALSE
515,"Smarca1",-0.472660851455811,0.636460403337219,"other",FALSE,FALSE
516,"Phf20",-0.475705294914521,0.634289629110354,"other",FALSE,FALSE
517,"Isl1",-0.496030621830139,0.619878346632306,"other",FALSE,FALSE
518,"Pdx1",-0.510501377726363,0.609705976329101,"other",FALSE,FALSE
519,"Msx2",-0.514403092578883,0.606975974734448,"other",FALSE,FALSE
520,"Nr2e3",-0.521188782345447,0.60224113314559,"other",FALSE,FALSE
521,"Plagl1",-0.537964081837643,0.590607930393322,"other",FALSE,FALSE
522,"Deaf1",-0.538578495412428,0.590183821637811,"other",FALSE,FALSE
523,"Pparg",-0.544646360407554,0.586002935164574,"nuclear receptor",FALSE,FALSE
524,"Foxh1",-0.557207371801566,0.577392091515948,"other",FALSE,FALSE
525,"Max",-0.574043622473222,0.565944843885261,"other",FALSE,FALSE
526,"Hey2",-0.61487999341545,0.538641086368738,"other",FALSE,FALSE
527,"Klf7",-0.620214737251307,0.535123602726817,"other",FALSE,FALSE
528,"Tfdp2",-0.626078692512871,0.531270589357098,"other",FALSE,FALSE
529,"Rfx2",-0.626589398080189,0.530935688684101,"other",FALSE,FALSE
530,"Mafg",-0.632577586802036,0.527016877806304,"other",FALSE,FALSE
531,"Rfx3",-0.635024144777556,0.525420051667651,"other",FALSE,FALSE
532,"Mtf1",-0.650190249540465,0.51557692931562,"other",FALSE,FALSE
533,"Bhlhe40",-0.65868705309397,0.510104455661436,"other",FALSE,FALSE
534,"Etv7",-0.663456410150874,0.507046060503573,"other",FALSE,FALSE
535,"Barx1",-0.666522698016201,0.50508487510901,"other",FALSE,FALSE
536,"Vsx2",-0.674384423982594,0.500074865405549,"other",FALSE,FALSE
537,"Foxg1",-0.67886851486523,0.497229161084988,"other",FALSE,FALSE
538,"Elf5",-0.683510183979489,0.49429256544327,"other",FALSE,FALSE
539,"Hivep2",-0.707425067900894,0.479310741410626,"other",FALSE,FALSE
540,"Nkrf",-0.738945285068706,0.459949036555076,"other",FALSE,FALSE
541,"Six1",-0.740511633081112,0.458998440911667,"other",FALSE,FALSE
542,"E2f6",-0.744023210114996,0.456871317960247,"other",FALSE,FALSE
543,"Zbtb33",-0.757758514503863,0.448604636423477,"other",FALSE,FALSE
544,"Pawr",-0.775059149080123,0.438314022729533,"other",FALSE,FALSE
545,"Tada2a",-0.787125177551216,0.431218072297929,"other",FALSE,FALSE
546,"Tef",-0.791184005243513,0.428846160044322,"other",FALSE,FALSE
547,"Ncor1",-0.803212736118643,0.42186148734028,"other",FALSE,FALSE
548,"Myf6",-0.809016660120891,0.418515345169765,"other",FALSE,FALSE
549,"Pax7",-0.825215490732034,0.409259264341223,"other",FALSE,FALSE
550,"Nr1i2",-0.852571552828225,0.393907320518531,"other",FALSE,FALSE
551,"Hivep1",-0.858710505493456,0.390510713169706,"other",FALSE,FALSE
552,"Spdef",-0.860216618997761,0.389680125865273,"other",FALSE,FALSE
553,"Sall4",-0.864018007153045,0.387588530529255,"other",FALSE,FALSE
554,"Pou3f1",-0.8765691851315,0.380731383671139,"other",FALSE,FALSE
555,"Nr2e1",-0.889947233957654,0.373505099945756,"other",FALSE,FALSE
556,"Neurod2",-0.911448370693197,0.36207034273329,"other",FALSE,FALSE
557,"Nr0b2",-0.914872354623706,0.360269855438013,"other",FALSE,FALSE
558,"Mybl1",-0.91727727735972,0.359008603575522,"other",FALSE,FALSE
559,"Skil",-0.936347122332328,0.349105985070173,"other",FALSE,FALSE
560,"Bach2",-0.966982371251606,0.333564731008301,"other",FALSE,FALSE
561,"Prox1",-0.985702150777382,0.324291413681048,"other",FALSE,FALSE
562,"Sf1",-1.02477364894552,0.305482600483124,"other",FALSE,FALSE
563,"Nfix",-1.03155475496329,0.302293423790787,"other",FALSE,FALSE
564,"Sox9",-1.03549416521322,0.300450915278689,"other",FALSE,FALSE
565,"Hoxa7",-1.03795678062567,0.299302931193107,"other",FALSE,FALSE
566,"Tet1",-1.04552603839669,0.295792755943395,"other",FALSE,FALSE
567,"Zbed1",-1.0522951472382,0.292677079500628,"other",FALSE,FALSE
568,"Nfe2",-1.05505532188483,0.291412977951351,"other",FALSE,FALSE
569,"Hbp1",-1.06292667422913,0.287828249754127,"other",FALSE,FALSE
570,"Lmx1b",-1.07535672055203,0.282228235928761,"other",FALSE,FALSE
571,"Lhx8",-1.07866862231778,0.280748700610733,"other",FALSE,FALSE
572,"Ikzf2",-1.09009310825449,0.275685480846772,"other",FALSE,FALSE
573,"Foxo1",-1.1146473531822,0.265015183628711,"growth-factor/other-stress",FALSE,FALSE
574,"E2f2",-1.11719145477159,0.263926114210099,"other",FALSE,FALSE
575,"Patz1",-1.1176940541831,0.263711329038889,"other",FALSE,FALSE
576,"Tgif1",-1.12041122198338,0.262552239510124,"other",FALSE,FALSE
577,"Dot1l",-1.14995368244478,0.250176924532526,"other",FALSE,FALSE
578,"Ppara",-1.15250675385265,0.24912689712034,"nuclear receptor",FALSE,FALSE
579,"Nfe2l1",-1.15351825932888,0.248711738452034,"other",FALSE,FALSE
580,"Otx2",-1.15356072017622,0.248694321563142,"other",FALSE,FALSE
581,"Myt1",-1.18843258638942,0.234677367548811,"other",FALSE,FALSE
582,"Lrrfip1",-1.18929456146924,0.234338125628212,"other",FALSE,FALSE
583,"Hoxb2",-1.19164023054088,0.23341671554816,"other",FALSE,FALSE
584,"Hnf1a",-1.19276055222674,0.232977545904443,"other",FALSE,FALSE
585,"Nr1i3",-1.20443892453419,0.228434461865207,"other",FALSE,FALSE
586,"Irf1",-1.20491639787797,0.228250068739994,"other",FALSE,FALSE
587,"Hoxb13",-1.20601802144126,0.227825042627006,"other",FALSE,FALSE
588,"Bclaf1",-1.2070607333849,0.227423265510572,"other",FALSE,FALSE
589,"Mlxipl",-1.20976264007983,0.22638451934763,"other",FALSE,FALSE
590,"E2f7",-1.22040322351754,0.222326680939266,"other",FALSE,FALSE
591,"Nfya",-1.22306197977413,0.221320934862286,"other",FALSE,FALSE
592,"Neurog3",-1.25222173337761,0.210503962174631,"other",FALSE,FALSE
593,"Foxf1",-1.27164508777961,0.203514279052846,"other",FALSE,FALSE
594,"Nr1h2",-1.28756155508937,0.19791377249601,"other",FALSE,FALSE
595,"Vhl",-1.2996554994427,0.193734294101082,"other",FALSE,FALSE
596,"Sim2",-1.3103118263811,0.190105663049928,"other",FALSE,FALSE
597,"Bcl11a",-1.31588866149148,0.18822674492639,"other",FALSE,FALSE
598,"Nr1h3",-1.369495629654,0.170860028901327,"other",FALSE,FALSE
599,"Ptf1a",-1.37263837401223,0.169880440222232,"other",FALSE,FALSE
600,"Irf2",-1.42394520980967,0.154478190100808,"other",FALSE,FALSE
601,"Nr6a1",-1.43794908810144,0.150464403116688,"other",FALSE,FALSE
602,"Gli3",-1.45925222865355,0.144511661387435,"other",FALSE,FALSE
603,"Hdac4",-1.46160936658406,0.14386425502646,"other",FALSE,FALSE
604,"Pou2f3",-1.51866365079804,0.128863246668001,"other",FALSE,FALSE
605,"Tal1",-1.52356457204574,0.127633589252293,"other",FALSE,FALSE
606,"Ciita",-1.52890838245489,0.126303232239752,"other",FALSE,FALSE
607,"Runx3",-1.54177371442069,0.123144672382988,"other",FALSE,FALSE
608,"Klf1",-1.55851051056845,0.119128360703253,"other",FALSE,FALSE
609,"Smad6",-1.58177450181203,0.113717130086729,"other",FALSE,FALSE
610,"Rfx5",-1.5836432406706,0.113290998742233,"other",FALSE,FALSE
611,"Rb1",-1.62334380206672,0.104531949572141,"other",FALSE,FALSE
612,"Smarcb1",-1.63364132186819,0.102350184395236,"other",FALSE,FALSE
613,"Foxa3",-1.63807310576193,0.101422433421533,"other",FALSE,FALSE
614,"Lmo4",-1.64549339556028,0.0998840753870985,"other",FALSE,FALSE
615,"Satb2",-1.68439557094645,0.0921211056964006,"other",FALSE,FALSE
616,"Satb1",-1.72717699847535,0.0841515733372223,"other",FALSE,FALSE
617,"Stat2",-1.7343820235915,0.0828659830221736,"other",FALSE,FALSE
618,"Msc",-1.77631048753141,0.0756972039006164,"other",FALSE,FALSE
619,"Heyl",-1.79501534862314,0.0726665954746068,"other",FALSE,FALSE
620,"Foxi1",-1.82947754138533,0.0673432241884397,"other",FALSE,FALSE
621,"Hoxa9",-1.84014195195091,0.065762450704128,"other",FALSE,FALSE
622,"Foxp3",-1.84598904150498,0.0649088071476302,"other",FALSE,FALSE
623,"Hdac9",-1.85144804132115,0.0641200951411482,"other",FALSE,FALSE
624,"Mta3",-1.92606525141937,0.0541106160348694,"other",FALSE,FALSE
625,"Hoxa5",-1.94718403448714,0.0515268816764177,"other",FALSE,FALSE
626,"Nab2",-1.95094883269162,0.0510773061051839,"other",FALSE,FALSE
627,"Rfx1",-1.95985319881817,0.0500270447853416,"other",FALSE,FALSE
628,"Zxdc",-1.99018008974921,0.0465849140265278,"other",FALSE,FALSE
629,"Klf6",-2.01139671852804,0.0442971790124343,"other",FALSE,FALSE
630,"Brca1",-2.02627219134325,0.0427503620951839,"other",FALSE,FALSE
631,"Foxo4",-2.04660225675726,0.0407104110822301,"other",FALSE,FALSE
632,"Etv3",-2.08317671068515,0.0372479967592027,"other",FALSE,FALSE
633,"Sox2",-2.23016085849108,0.0257479991992318,"other",FALSE,FALSE
634,"Irf3",-2.27088956327332,0.0231644213451599,"other",FALSE,FALSE
635,"Hdac1",-2.32640985383847,0.0200067984462897,"other",FALSE,FALSE
636,"Htatip2",-2.36085298436235,0.0182426518801181,"other",FALSE,FALSE
637,"Mlxip",-2.38117175986781,0.0172671180504011,"other",FALSE,FALSE
638,"Ikzf1",-2.42332984020759,0.0153879157759564,"other",FALSE,FALSE
639,"Klf2",-2.42917805795834,0.0151419895357473,"other",FALSE,FALSE
640,"Ing4",-2.47824336635599,0.0132114281828989,"other",FALSE,FALSE
641,"Dlx2",-2.49817276422609,0.0124916285230469,"other",FALSE,FALSE
642,"Rfxank",-2.61057029611438,0.00904599070700531,"other",FALSE,FALSE
643,"Spib",-2.69825933547593,0.00697625715527992,"other",FALSE,FALSE
644,"Irf9",-2.74983940622485,0.00596789152701901,"other",FALSE,FALSE
645,"Tbx1",-2.81349308823096,0.00490550296468189,"other",FALSE,FALSE
646,"Nr1d1",-2.88798897817704,0.00388136022067345,"other",FALSE,FALSE
647,"Rfxap",-2.99003255659592,0.00279292681508231,"other",FALSE,FALSE
648,"Smad7",-3.01603097131778,0.00256433992621821,"other",FALSE,FALSE
649,"Srebf1",-3.21487709460786,0.00130710963461806,"other",FALSE,FALSE
650,"Foxf2",-3.2383661336956,0.00120415691060532,"other",FALSE,FALSE
651,"Klf17",-3.24652273507861,0.00117019570176849,"other",FALSE,FALSE
652,"Smarca4",-3.26711313932636,0.00108836325550652,"other",FALSE,FALSE
653,"Srebf2",-3.31427797980188,0.000920460435549715,"other",FALSE,FALSE
654,"Tbx3",-3.33551307874555,0.00085299593525464,"other",FALSE,FALSE
655,"Zeb1",-3.47453596208557,0.000512839252507145,"other",FALSE,FALSE
656,"Hic1",-3.67810337554968,0.000235600599737204,"other",FALSE,FALSE
657,"Aip",-3.72033662474848,0.000199510577992775,"other",FALSE,FALSE
658,"Foxo3",-3.72215717767326,0.000198078197939287,"growth-factor/other-stress",FALSE,FALSE
