database,gene_set,reference_symbol,matrix_symbol
Hallmark,HALLMARK_ALLOGRAFT_REJECTION,Wars1,Wars
Hallmark,HALLMARK_APICAL_JUNCTION,Pals1,Mpp5
Hallmark,HALLMARK_CHOLESTEROL_HOMEOSTASIS,Niban1,Fam129a
Hallmark,HALLMARK_DNA_REPAIR,Polr1h,Znrd1
Hallmark,HALLMARK_E2F_TARGETS,Ddx39a,Ddx39
Hallmark,HALLMARK_ESTROGEN_RESPONSE_LATE,Gfus,Tsta3
Hallmark,HALLMARK_G2M_CHECKPOINT,Ddx39a,Ddx39
Hallmark,HALLMARK_GLYCOLYSIS,Ero1a,Ero1l
Hallmark,HALLMARK_GLYCOLYSIS,Gfus,Tsta3
Hallmark,HALLMARK_HYPOXIA,Ero1a,Ero1l
Hallmark,HALLMARK_IL2_STAT5_SIGNALING,Hycc2,Fam126b
Hallmark,HALLMARK_INTERFERON_ALPHA_RESPONSE,Wars1,Wars
Hallmark,HALLMARK_INTERFERON_GAMMA_RESPONSE,Rigi,Ddx58
Hallmark,HALLMARK_INTERFERON_GAMMA_RESPONSE,Wars1,Wars
Hallmark,HALLMARK_KRAS_SIGNALING_DN,Myo15a,Myo15
Hallmark,HALLMARK_KRAS_SIGNALING_UP,Ero1a,Ero1l
Hallmark,HALLMARK_MTORC1_SIGNALING,Ddx39a,Ddx39
Hallmark,HALLMARK_MTORC1_SIGNALING,Ero1a,Ero1l
Hallmark,HALLMARK_MTORC1_SIGNALING,Niban1,Fam129a
Hallmark,HALLMARK_MTORC1_SIGNALING,Wars1,Wars
Hallmark,HALLMARK_NOTCH_SIGNALING,Skp1,Skp1a
Hallmark,HALLMARK_P53_PATHWAY,Irag2,Lrmp
Hallmark,HALLMARK_TNFA_SIGNALING_VIA_NFKB,Rigi,Ddx58
Hallmark,HALLMARK_UNFOLDED_PROTEIN_RESPONSE,Ero1a,Ero1l
KEGG,KEGG_AMINO_SUGAR_AND_NUCLEOTIDE_SUGAR_METABOLISM,Gfus,Tsta3
KEGG,KEGG_AMINOACYL_TRNA_BIOSYNTHESIS,Wars1,Wars
KEGG,KEGG_CELL_CYCLE,Skp1,Skp1a
KEGG,KEGG_CYTOSOLIC_DNA_SENSING_PATHWAY,Rigi,Ddx58
KEGG,KEGG_FRUCTOSE_AND_MANNOSE_METABOLISM,Gfus,Tsta3
KEGG,KEGG_OOCYTE_MEIOSIS,Skp1,Skp1a
KEGG,KEGG_PURINE_METABOLISM,Polr1h,Znrd1
KEGG,KEGG_PYRIMIDINE_METABOLISM,Polr1h,Znrd1
KEGG,KEGG_RIG_I_LIKE_RECEPTOR_SIGNALING_PATHWAY,Rigi,Ddx58
KEGG,KEGG_RNA_POLYMERASE,Polr1h,Znrd1
KEGG,KEGG_TGF_BETA_SIGNALING_PATHWAY,Skp1,Skp1a
KEGG,KEGG_TIGHT_JUNCTION,Pals1,Mpp5
KEGG,KEGG_TRYPTOPHAN_METABOLISM,Wars1,Wars
KEGG,KEGG_UBIQUITIN_MEDIATED_PROTEOLYSIS,Skp1,Skp1a
KEGG,KEGG_VIBRIO_CHOLERAE_INFECTION,Ero1a,Ero1l
KEGG,KEGG_WNT_SIGNALING_PATHWAY,Skp1,Skp1a
Reactome,REACTOME_ACTIVATION_OF_NF_KAPPAB_IN_B_CELLS,Skp1,Skp1a
Reactome,REACTOME_ADAPTIVE_IMMUNE_SYSTEM,Skp1,Skp1a
Reactome,REACTOME_ANTIGEN_PROCESSING_UBIQUITINATION_PROTEASOME_DEGRADATION,Skp1,Skp1a
Reactome,REACTOME_ANTIMICROBIAL_MECHANISM_OF_IFN_STIMULATED_GENES,Rigi,Ddx58
Reactome,REACTOME_APC_C_MEDIATED_DEGRADATION_OF_CELL_CYCLE_PROTEINS,Skp1,Skp1a
Reactome,REACTOME_ASPARAGINE_N_LINKED_GLYCOSYLATION,Gfus,Tsta3
Reactome,REACTOME_B_WICH_COMPLEX_POSITIVELY_REGULATES_RRNA_EXPRESSION,Polr1h,Znrd1
Reactome,REACTOME_BIOSYNTHESIS_OF_THE_N_GLYCAN_PRECURSOR_DOLICHOL_LIPID_LINKED_OLIGOSACCHARIDE_LLO_AND_TRANSFER_TO_A_NASCENT_PROTEIN,Gfus,Tsta3
Reactome,REACTOME_C_TYPE_LECTIN_RECEPTORS_CLRS,Skp1,Skp1a
Reactome,REACTOME_CELL_CELL_COMMUNICATION,Pals1,Mpp5
Reactome,REACTOME_CELL_CYCLE,Skp1,Skp1a
Reactome,REACTOME_CELL_CYCLE_CHECKPOINTS,Skp1,Skp1a
Reactome,REACTOME_CELL_CYCLE_MITOTIC,Skp1,Skp1a
Reactome,REACTOME_CELL_JUNCTION_ORGANIZATION,Pals1,Mpp5
Reactome,REACTOME_CELLULAR_RESPONSE_TO_CHEMICAL_STRESS,Ero1a,Ero1l
Reactome,REACTOME_CELLULAR_RESPONSE_TO_CHEMICAL_STRESS,Skp1,Skp1a
Reactome,REACTOME_CELLULAR_RESPONSES_TO_STIMULI,Ero1a,Ero1l
Reactome,REACTOME_CELLULAR_RESPONSES_TO_STIMULI,Skp1,Skp1a
Reactome,REACTOME_CIRCADIAN_CLOCK,Skp1,Skp1a
Reactome,REACTOME_CLASS_I_MHC_MEDIATED_ANTIGEN_PROCESSING_PRESENTATION,Skp1,Skp1a
Reactome,REACTOME_CLEC7A_DECTIN_1_SIGNALING,Skp1,Skp1a
Reactome,REACTOME_CO_INHIBITION_BY_PD_1,Skp1,Skp1a
Reactome,REACTOME_CYCLIN_A_CDK2_ASSOCIATED_EVENTS_AT_S_PHASE_ENTRY,Skp1,Skp1a
Reactome,REACTOME_CYCLIN_D_ASSOCIATED_EVENTS_IN_G1,Skp1,Skp1a
Reactome,REACTOME_CYTOKINE_SIGNALING_IN_IMMUNE_SYSTEM,Rigi,Ddx58
Reactome,REACTOME_CYTOKINE_SIGNALING_IN_IMMUNE_SYSTEM,Skp1,Skp1a
Reactome,REACTOME_CYTOSOLIC_TRNA_AMINOACYLATION,Wars1,Wars
Reactome,REACTOME_DDX58_IFIH1_MEDIATED_INDUCTION_OF_INTERFERON_ALPHA_BETA,Rigi,Ddx58
Reactome,REACTOME_DECTIN_1_MEDIATED_NONCANONICAL_NF_KB_SIGNALING,Skp1,Skp1a
Reactome,REACTOME_DEGRADATION_OF_BETA_CATENIN_BY_THE_DESTRUCTION_COMPLEX,Skp1,Skp1a
Reactome,REACTOME_DEGRADATION_OF_CRY_AND_PER_PROTEINS,Skp1,Skp1a
Reactome,REACTOME_DEGRADATION_OF_GLI1_BY_THE_PROTEASOME,Skp1,Skp1a
Reactome,REACTOME_DETOXIFICATION_OF_REACTIVE_OXYGEN_SPECIES,Ero1a,Ero1l
Reactome,REACTOME_DEUBIQUITINATION,Rigi,Ddx58
Reactome,REACTOME_DISEASES_OF_SIGNAL_TRANSDUCTION_BY_GROWTH_FACTOR_RECEPTORS_AND_SECOND_MESSENGERS,Skp1,Skp1a
Reactome,REACTOME_DNA_REPLICATION,Skp1,Skp1a
Reactome,REACTOME_DOWNSTREAM_SIGNALING_EVENTS_OF_B_CELL_RECEPTOR_BCR,Skp1,Skp1a
Reactome,REACTOME_DOWNSTREAM_TCR_SIGNALING,Skp1,Skp1a
Reactome,REACTOME_EPIGENETIC_REGULATION_OF_GENE_EXPRESSION,Polr1h,Znrd1
Reactome,REACTOME_EVASION_BY_RSV_OF_HOST_INTERFERON_RESPONSES,Rigi,Ddx58
Reactome,REACTOME_FBXL7_DOWN_REGULATES_AURKA_DURING_MITOTIC_ENTRY_AND_IN_EARLY_MITOSIS,Skp1,Skp1a
Reactome,REACTOME_FBXW7_MUTANTS_AND_NOTCH1_IN_CANCER,Skp1,Skp1a
Reactome,REACTOME_FC_EPSILON_RECEPTOR_FCERI_SIGNALING,Skp1,Skp1a
Reactome,REACTOME_FCERI_MEDIATED_NF_KB_ACTIVATION,Skp1,Skp1a
Reactome,REACTOME_G1_S_DNA_DAMAGE_CHECKPOINTS,Skp1,Skp1a
Reactome,REACTOME_GDP_FUCOSE_BIOSYNTHESIS,Gfus,Tsta3
Reactome,REACTOME_GSK3B_MEDIATED_PROTEASOMAL_DEGRADATION_OF_PD_L1_CD274,Skp1,Skp1a
Reactome,REACTOME_HEDGEHOG_OFF_STATE,Skp1,Skp1a
Reactome,REACTOME_HIV_INFECTION,Skp1,Skp1a
Reactome,REACTOME_HOST_INTERACTIONS_OF_HIV_FACTORS,Skp1,Skp1a
Reactome,REACTOME_INFECTIOUS_DISEASE,Pals1,Mpp5
Reactome,REACTOME_INFECTIOUS_DISEASE,Rigi,Ddx58
Reactome,REACTOME_INFECTIOUS_DISEASE,Skp1,Skp1a
Reactome,REACTOME_INNATE_IMMUNE_SYSTEM,Irag2,Lrmp
Reactome,REACTOME_INNATE_IMMUNE_SYSTEM,Rigi,Ddx58
Reactome,REACTOME_INNATE_IMMUNE_SYSTEM,Skp1,Skp1a
Reactome,REACTOME_INTERFERON_SIGNALING,Rigi,Ddx58
Reactome,REACTOME_INTERLEUKIN_1_FAMILY_SIGNALING,Skp1,Skp1a
Reactome,REACTOME_INTERLEUKIN_1_SIGNALING,Skp1,Skp1a
Reactome,REACTOME_INTERLEUKIN_17_SIGNALING,Skp1,Skp1a
Reactome,REACTOME_IRON_UPTAKE_AND_TRANSPORT,Skp1,Skp1a
Reactome,REACTOME_ISG15_ANTIVIRAL_MECHANISM,Rigi,Ddx58
Reactome,REACTOME_KEAP1_NFE2L2_PATHWAY,Skp1,Skp1a
Reactome,REACTOME_MAP3K8_TPL2_DEPENDENT_MAPK1_3_ACTIVATION,Skp1,Skp1a
Reactome,REACTOME_METABOLISM_OF_RNA,Ddx39a,Ddx39
Reactome,REACTOME_MITOTIC_G1_PHASE_AND_G1_S_TRANSITION,Skp1,Skp1a
Reactome,REACTOME_MITOTIC_G2_G2_M_PHASES,Skp1,Skp1a
Reactome,REACTOME_MODULATION_OF_HOST_RESPONSES_BY_IFN_STIMULATED_GENES,Rigi,Ddx58
Reactome,REACTOME_MRNA_3_END_PROCESSING,Ddx39a,Ddx39
Reactome,REACTOME_MYD88_INDEPENDENT_TLR4_CASCADE,Skp1,Skp1a
Reactome,REACTOME_NEDDYLATION,Skp1,Skp1a
Reactome,REACTOME_NEGATIVE_EPIGENETIC_REGULATION_OF_RRNA_EXPRESSION,Polr1h,Znrd1
Reactome,REACTOME_NEGATIVE_REGULATION_OF_NOTCH4_SIGNALING,Skp1,Skp1a
Reactome,REACTOME_NEGATIVE_REGULATORS_OF_DDX58_IFIH1_SIGNALING,Rigi,Ddx58
Reactome,REACTOME_NEUTROPHIL_DEGRANULATION,Irag2,Lrmp
Reactome,REACTOME_NF_KB_ACTIVATION_THROUGH_FADD_RIP_1_PATHWAY_MEDIATED_BY_CASPASE_8_AND_10,Rigi,Ddx58
Reactome,REACTOME_NOTCH1_INTRACELLULAR_DOMAIN_REGULATES_TRANSCRIPTION,Skp1,Skp1a
Reactome,REACTOME_NUCLEAR_EVENTS_MEDIATED_BY_NFE2L2,Skp1,Skp1a
Reactome,REACTOME_NUCLEAR_EVENTS_STIMULATED_BY_ALK_SIGNALING_IN_CANCER,Skp1,Skp1a
Reactome,REACTOME_OAS_ANTIVIRAL_RESPONSE,Rigi,Ddx58
Reactome,REACTOME_ORC1_REMOVAL_FROM_CHROMATIN,Skp1,Skp1a
Reactome,REACTOME_OVARIAN_TUMOR_DOMAIN_PROTEASES,Rigi,Ddx58
Reactome,REACTOME_POSITIVE_EPIGENETIC_REGULATION_OF_RRNA_EXPRESSION,Polr1h,Znrd1
Reactome,REACTOME_POST_TRANSLATIONAL_PROTEIN_MODIFICATION,Gfus,Tsta3
Reactome,REACTOME_POST_TRANSLATIONAL_PROTEIN_MODIFICATION,Rigi,Ddx58
Reactome,REACTOME_POST_TRANSLATIONAL_PROTEIN_MODIFICATION,Skp1,Skp1a
Reactome,REACTOME_PROCESSING_OF_CAPPED_INTRON_CONTAINING_PRE_MRNA,Ddx39a,Ddx39
Reactome,REACTOME_PROLACTIN_RECEPTOR_SIGNALING,Skp1,Skp1a
Reactome,REACTOME_REGULATION_OF_BACH1_ACTIVITY,Skp1,Skp1a
Reactome,REACTOME_REGULATION_OF_PD_L1_CD274_EXPRESSION,Skp1,Skp1a
Reactome,REACTOME_REGULATION_OF_PD_L1_CD274_POST_TRANSLATIONAL_MODIFICATION,Skp1,Skp1a
Reactome,REACTOME_REGULATION_OF_PLK1_ACTIVITY_AT_G2_M_TRANSITION,Skp1,Skp1a
Reactome,REACTOME_REGULATION_OF_RUNX2_EXPRESSION_AND_ACTIVITY,Skp1,Skp1a
Reactome,REACTOME_REGULATION_OF_T_CELL_ACTIVATION_BY_CD28_FAMILY,Skp1,Skp1a
Reactome,REACTOME_RESPIRATORY_SYNCYTIAL_VIRUS_INFECTION_PATHWAY,Rigi,Ddx58
Reactome,REACTOME_RNA_POLYMERASE_I_PROMOTER_ESCAPE,Polr1h,Znrd1
Reactome,REACTOME_RNA_POLYMERASE_I_TRANSCRIPTION,Polr1h,Znrd1
Reactome,REACTOME_RNA_POLYMERASE_I_TRANSCRIPTION_INITIATION,Polr1h,Znrd1
Reactome,REACTOME_RNA_POLYMERASE_I_TRANSCRIPTION_TERMINATION,Polr1h,Znrd1
Reactome,REACTOME_RNA_POLYMERASE_II_TRANSCRIPTION,Ddx39a,Ddx39
Reactome,REACTOME_RNA_POLYMERASE_II_TRANSCRIPTION,Skp1,Skp1a
Reactome,REACTOME_RNA_POLYMERASE_II_TRANSCRIPTION_TERMINATION,Ddx39a,Ddx39
Reactome,REACTOME_RSV_HOST_INTERACTIONS,Rigi,Ddx58
Reactome,REACTOME_S_PHASE,Skp1,Skp1a
Reactome,REACTOME_SARS_COV_1_ACTIVATES_MODULATES_INNATE_IMMUNE_RESPONSES,Rigi,Ddx58
Reactome,REACTOME_SARS_COV_1_HOST_INTERACTIONS,Pals1,Mpp5
Reactome,REACTOME_SARS_COV_1_HOST_INTERACTIONS,Rigi,Ddx58
Reactome,REACTOME_SARS_COV_1_INFECTION,Pals1,Mpp5
Reactome,REACTOME_SARS_COV_1_INFECTION,Rigi,Ddx58
Reactome,REACTOME_SARS_COV_2_ACTIVATES_MODULATES_INNATE_AND_ADAPTIVE_IMMUNE_RESPONSES,Rigi,Ddx58
Reactome,REACTOME_SARS_COV_2_HOST_INTERACTIONS,Pals1,Mpp5
Reactome,REACTOME_SARS_COV_2_HOST_INTERACTIONS,Rigi,Ddx58
Reactome,REACTOME_SARS_COV_2_INFECTION,Pals1,Mpp5
Reactome,REACTOME_SARS_COV_2_INFECTION,Rigi,Ddx58
Reactome,REACTOME_SARS_COV_2_TARGETS_PDZ_PROTEINS_IN_CELL_CELL_JUNCTION,Pals1,Mpp5
Reactome,REACTOME_SARS_COV_INFECTIONS,Pals1,Mpp5
Reactome,REACTOME_SARS_COV_INFECTIONS,Rigi,Ddx58
Reactome,REACTOME_SCF_BETA_TRCP_MEDIATED_DEGRADATION_OF_EMI1,Skp1,Skp1a
Reactome,REACTOME_SCF_SKP2_MEDIATED_DEGRADATION_OF_P27_P21,Skp1,Skp1a
Reactome,REACTOME_SENSORY_PERCEPTION,Myo15a,Myo15
Reactome,REACTOME_SENSORY_PROCESSING_OF_SOUND,Myo15a,Myo15
Reactome,REACTOME_SENSORY_PROCESSING_OF_SOUND_BY_OUTER_HAIR_CELLS_OF_THE_COCHLEA,Myo15a,Myo15
Reactome,REACTOME_SIGNALING_BY_ALK_IN_CANCER,Skp1,Skp1a
Reactome,REACTOME_SIGNALING_BY_HEDGEHOG,Skp1,Skp1a
Reactome,REACTOME_SIGNALING_BY_INTERLEUKINS,Skp1,Skp1a
Reactome,REACTOME_SIGNALING_BY_NOTCH,Skp1,Skp1a
Reactome,REACTOME_SIGNALING_BY_NOTCH1,Skp1,Skp1a
Reactome,REACTOME_SIGNALING_BY_NOTCH1_PEST_DOMAIN_MUTANTS_IN_CANCER,Skp1,Skp1a
Reactome,REACTOME_SIGNALING_BY_NOTCH4,Skp1,Skp1a
Reactome,REACTOME_SIGNALING_BY_THE_B_CELL_RECEPTOR_BCR,Skp1,Skp1a
Reactome,REACTOME_SIGNALING_BY_WNT,Skp1,Skp1a
Reactome,REACTOME_SWITCHING_OF_ORIGINS_TO_A_POST_REPLICATIVE_STATE,Skp1,Skp1a
Reactome,REACTOME_SYNTHESIS_OF_DNA,Skp1,Skp1a
Reactome,REACTOME_SYNTHESIS_OF_SUBSTRATES_IN_N_GLYCAN_BIOSYTHESIS,Gfus,Tsta3
Reactome,REACTOME_TCR_SIGNALING,Skp1,Skp1a
Reactome,REACTOME_TIGHT_JUNCTION_INTERACTIONS,Pals1,Mpp5
Reactome,REACTOME_TNFR2_NON_CANONICAL_NF_KB_PATHWAY,Skp1,Skp1a
Reactome,REACTOME_TOLL_LIKE_RECEPTOR_9_TLR9_CASCADE,Skp1,Skp1a
Reactome,REACTOME_TOLL_LIKE_RECEPTOR_CASCADES,Skp1,Skp1a
Reactome,REACTOME_TOLL_LIKE_RECEPTOR_TLR1_TLR2_CASCADE,Skp1,Skp1a
Reactome,REACTOME_TRAF3_DEPENDENT_IRF_ACTIVATION_PATHWAY,Rigi,Ddx58
Reactome,REACTOME_TRAF6_MEDIATED_IRF7_ACTIVATION,Rigi,Ddx58
Reactome,REACTOME_TRAF6_MEDIATED_NF_KB_ACTIVATION,Rigi,Ddx58
Reactome,REACTOME_TRANSCRIPTIONAL_REGULATION_BY_RUNX2,Skp1,Skp1a
Reactome,REACTOME_TRANSLATION,Wars1,Wars
Reactome,REACTOME_TRANSPORT_OF_MATURE_TRANSCRIPT_TO_CYTOPLASM,Ddx39a,Ddx39
Reactome,REACTOME_TRANSPORT_OF_SMALL_MOLECULES,Skp1,Skp1a
Reactome,REACTOME_TRNA_AMINOACYLATION,Wars1,Wars
Reactome,REACTOME_UB_SPECIFIC_PROCESSING_PROTEASES,Rigi,Ddx58
Reactome,REACTOME_UBIQUITIN_MEDIATED_DEGRADATION_OF_PHOSPHORYLATED_CDC25A,Skp1,Skp1a
Reactome,REACTOME_VIRAL_INFECTION_PATHWAYS,Pals1,Mpp5
Reactome,REACTOME_VIRAL_INFECTION_PATHWAYS,Rigi,Ddx58
Reactome,REACTOME_VIRAL_INFECTION_PATHWAYS,Skp1,Skp1a
WikiPathways,WP_2Q13_COPY_NUMBER_VARIATION_SYNDROME,Polr1h,Znrd1
WikiPathways,WP_AMINO_ACID_METABOLISM,Wars1,Wars
WikiPathways,WP_BREAST_CANCER_PATHWAY,Skp1,Skp1a
WikiPathways,WP_CANCER_PATHWAYS,Skp1,Skp1a
WikiPathways,WP_CELL_CYCLE,Skp1,Skp1a
WikiPathways,WP_CIRCADIAN_RHYTHM_GENES,Skp1,Skp1a
WikiPathways,WP_COMPLEMENT_SYSTEM_IN_NEURONAL_DEVELOPMENT_AND_PLASTICITY,Pals1,Mpp5
WikiPathways,WP_COVID19_STRUCTURAL_COVERAGE_MAP,Pals1,Mpp5
WikiPathways,WP_CYTOSOLIC_DNASENSING_PATHWAY,Rigi,Ddx58
WikiPathways,WP_EBOLA_VIRUS_INFECTION_IN_HOST,Rigi,Ddx58
WikiPathways,WP_EPITHELIAL_TO_MESENCHYMAL_TRANSITION_IN_COLORECTAL_CANCER,Pals1,Mpp5
WikiPathways,WP_HEPATITIS_B_INFECTION,Rigi,Ddx58
WikiPathways,WP_HOSTPATHOGEN_INTERACTION_OF_HUMAN_CORONAVIRUSES_INTERFERON_INDUCTION,Rigi,Ddx58
WikiPathways,WP_JAKSTAT_SIGNALING_AND_ARTD_FAMILY_MEMBERS,Skp1,Skp1a
WikiPathways,WP_LUNG_PATHOLOGY_OF_COVID19,Rigi,Ddx58
WikiPathways,WP_MEASLES_VIRUS_INFECTION,Rigi,Ddx58
WikiPathways,WP_MITOCHONDRIAL_IMMUNE_RESPONSE_TO_SARSCOV2,Rigi,Ddx58
WikiPathways,WP_MRNA_VACCINE_ACTIVATION_OF_DENDRITIC_CELL_AND_INDUCTION_OF_IFN1,Rigi,Ddx58
WikiPathways,WP_NETWORK_MAP_OF_SARSCOV2_SIGNALING,Rigi,Ddx58
WikiPathways,WP_NF1_COPY_NUMBER_VARIATION_SYNDROME,Rigi,Ddx58
WikiPathways,WP_NFKB_SIGNALING_AND_ARTD_FAMILY_MEMBERS,Rigi,Ddx58
WikiPathways,WP_NFKB_SIGNALING_AND_ARTD_FAMILY_MEMBERS,Skp1,Skp1a
WikiPathways,WP_NOTCH_SIGNALING_WP61,Skp1,Skp1a
WikiPathways,WP_NOVEL_INTRACELLULAR_COMPONENTS_OF_RIGILIKE_RECEPTOR_PATHWAY,Rigi,Ddx58
WikiPathways,WP_PATHWAYS_OF_NUCLEIC_ACID_METABOLISM_AND_INNATE_IMMUNE_SENSING,Rigi,Ddx58
WikiPathways,WP_PHOTODYNAMIC_THERAPYINDUCED_UNFOLDED_PROTEIN_RESPONSE,Wars1,Wars
WikiPathways,WP_PYRIMIDINE_METABOLISM,Polr1h,Znrd1
WikiPathways,WP_SARS_CORONAVIRUS_AND_INNATE_IMMUNITY,Rigi,Ddx58
WikiPathways,WP_SARSCOV2_B117_VARIANT_ANTAGONISES_INNATE_IMMUNE_ACTIVATION,Rigi,Ddx58
WikiPathways,WP_SARSCOV2_INNATE_IMMUNITY_EVASION_AND_CELLSPECIFIC_IMMUNE_RESPONSE,Rigi,Ddx58
WikiPathways,WP_SMALL_CELL_LUNG_CANCER,Skp1,Skp1a
WikiPathways,WP_SMITHMAGENIS_AND_POTOCKILUPSKI_SYNDROME_COPY_NUMBER_VARIATION,Myo15a,Myo15
WikiPathways,WP_TNFALPHA_SIGNALING,Skp1,Skp1a
WikiPathways,WP_TYPE_I_INTERFERON_INDUCTION_AND_SIGNALING_DURING_SARSCOV2_INFECTION,Rigi,Ddx58
WikiPathways,WP_WNTBETACATENIN_SIGNALING_AND_ARTD_FAMILY_MEMBERS,Skp1,Skp1a
GO_BP,GOBP_ACTIN_FILAMENT_BASED_PROCESS,Myo15a,Myo15
GO_BP,GOBP_ACTIN_FILAMENT_ORGANIZATION,Myo15a,Myo15
GO_BP,GOBP_ACTIVATION_OF_IMMUNE_RESPONSE,Rigi,Ddx58
GO_BP,GOBP_ACTIVATION_OF_INNATE_IMMUNE_RESPONSE,Rigi,Ddx58
GO_BP,GOBP_ADAPTIVE_IMMUNE_RESPONSE,Gfus,Tsta3
GO_BP,GOBP_ADAPTIVE_IMMUNE_RESPONSE_BASED_ON_SOMATIC_RECOMBINATION_OF_IMMUNE_RECEPTORS_BUILT_FROM_IMMUNOGLOBULIN_SUPERFAMILY_DOMAINS,Gfus,Tsta3
GO_BP,GOBP_AMINO_ACID_ACTIVATION,Wars1,Wars
GO_BP,GOBP_AMINO_ACID_METABOLIC_PROCESS,Wars1,Wars
GO_BP,GOBP_ANATOMICAL_STRUCTURE_FORMATION_INVOLVED_IN_MORPHOGENESIS,Pals1,Mpp5
GO_BP,GOBP_ANATOMICAL_STRUCTURE_FORMATION_INVOLVED_IN_MORPHOGENESIS,Wars1,Wars
GO_BP,GOBP_ANIMAL_ORGAN_MORPHOGENESIS,Myo15a,Myo15
GO_BP,GOBP_ANTIVIRAL_INNATE_IMMUNE_RESPONSE,Rigi,Ddx58
GO_BP,GOBP_APOPTOTIC_SIGNALING_PATHWAY,Ero1a,Ero1l
GO_BP,GOBP_APPENDAGE_DEVELOPMENT,Skp1,Skp1a
GO_BP,GOBP_AUTOPHAGY_OF_MITOCHONDRION,Skp1,Skp1a
GO_BP,GOBP_BEHAVIOR,Myo15a,Myo15
GO_BP,GOBP_BIOLOGICAL_PROCESS_INVOLVED_IN_INTERSPECIES_INTERACTION_BETWEEN_ORGANISMS,Ddx39a,Ddx39
GO_BP,GOBP_BIOLOGICAL_PROCESS_INVOLVED_IN_INTERSPECIES_INTERACTION_BETWEEN_ORGANISMS,Rigi,Ddx58
GO_BP,GOBP_BIOLOGICAL_PROCESS_INVOLVED_IN_INTERSPECIES_INTERACTION_BETWEEN_ORGANISMS,Skp1,Skp1a
GO_BP,GOBP_BLOOD_VESSEL_MORPHOGENESIS,Wars1,Wars
GO_BP,GOBP_BROWN_FAT_CELL_DIFFERENTIATION,Ero1a,Ero1l
GO_BP,GOBP_CALCIUM_ION_HOMEOSTASIS,Ero1a,Ero1l
GO_BP,GOBP_CALCIUM_ION_TRANSMEMBRANE_IMPORT_INTO_CYTOSOL,Ero1a,Ero1l
GO_BP,GOBP_CALCIUM_ION_TRANSMEMBRANE_TRANSPORT,Ero1a,Ero1l
GO_BP,GOBP_CALCIUM_ION_TRANSPORT,Ero1a,Ero1l
GO_BP,GOBP_CARBOHYDRATE_DERIVATIVE_BIOSYNTHETIC_PROCESS,Gfus,Tsta3
GO_BP,GOBP_CARBOHYDRATE_DERIVATIVE_METABOLIC_PROCESS,Gfus,Tsta3
GO_BP,GOBP_CARBOHYDRATE_METABOLIC_PROCESS,Ero1a,Ero1l
GO_BP,GOBP_CELL_ADHESION,Gfus,Tsta3
GO_BP,GOBP_CELL_CELL_ADHESION,Gfus,Tsta3
GO_BP,GOBP_CELL_CYCLE,Skp1,Skp1a
GO_BP,GOBP_CELL_CYCLE_CHECKPOINT_SIGNALING,Skp1,Skp1a
GO_BP,GOBP_CELL_CYCLE_G1_S_PHASE_TRANSITION,Skp1,Skp1a
GO_BP,GOBP_CELL_CYCLE_PHASE_TRANSITION,Skp1,Skp1a
GO_BP,GOBP_CELL_CYCLE_PROCESS,Skp1,Skp1a
GO_BP,GOBP_CELL_JUNCTION_ASSEMBLY,Skp1,Skp1a
GO_BP,GOBP_CELL_JUNCTION_ORGANIZATION,Skp1,Skp1a
GO_BP,GOBP_CELL_KILLING,Gfus,Tsta3
GO_BP,GOBP_CELL_MATRIX_ADHESION,Gfus,Tsta3
GO_BP,GOBP_CELL_MIGRATION,Gfus,Tsta3
GO_BP,GOBP_CELL_MIGRATION,Rigi,Ddx58
GO_BP,GOBP_CELL_MOTILITY,Gfus,Tsta3
GO_BP,GOBP_CELL_MOTILITY,Rigi,Ddx58
GO_BP,GOBP_CELL_PROJECTION_ASSEMBLY,Skp1,Skp1a
GO_BP,GOBP_CELL_PROJECTION_ORGANIZATION,Skp1,Skp1a
GO_BP,GOBP_CELL_REDOX_HOMEOSTASIS,Ero1a,Ero1l
GO_BP,GOBP_CELL_SUBSTRATE_ADHESION,Gfus,Tsta3
GO_BP,GOBP_CELL_SURFACE_RECEPTOR_PROTEIN_SERINE_THREONINE_KINASE_SIGNALING_PATHWAY,Ero1a,Ero1l
GO_BP,GOBP_CELL_SURFACE_RECEPTOR_PROTEIN_SERINE_THREONINE_KINASE_SIGNALING_PATHWAY,Pals1,Mpp5
GO_BP,GOBP_CELL_SURFACE_RECEPTOR_PROTEIN_SERINE_THREONINE_KINASE_SIGNALING_PATHWAY,Skp1,Skp1a
GO_BP,GOBP_CELLULAR_COMPONENT_ASSEMBLY_INVOLVED_IN_MORPHOGENESIS,Pals1,Mpp5
GO_BP,GOBP_CELLULAR_HOMEOSTASIS,Ero1a,Ero1l
GO_BP,GOBP_CELLULAR_HOMEOSTASIS,Skp1,Skp1a
GO_BP,GOBP_CELLULAR_RESPONSE_TO_DSRNA,Rigi,Ddx58
GO_BP,GOBP_CELLULAR_RESPONSE_TO_ENDOGENOUS_STIMULUS,Ero1a,Ero1l
GO_BP,GOBP_CELLULAR_RESPONSE_TO_ENDOGENOUS_STIMULUS,Pals1,Mpp5
GO_BP,GOBP_CELLULAR_RESPONSE_TO_ENDOGENOUS_STIMULUS,Skp1,Skp1a
GO_BP,GOBP_CELLULAR_RESPONSE_TO_EXOGENOUS_DSRNA,Rigi,Ddx58
GO_BP,GOBP_CELLULAR_RESPONSE_TO_NITROGEN_COMPOUND,Rigi,Ddx58
GO_BP,GOBP_CELLULAR_RESPONSE_TO_OXYGEN_LEVELS,Ero1a,Ero1l
GO_BP,GOBP_CELLULAR_RESPONSE_TO_STRESS,Ero1a,Ero1l
GO_BP,GOBP_CELLULAR_RESPONSE_TO_STRESS,Niban1,Fam129a
GO_BP,GOBP_CELLULAR_RESPONSE_TO_STRESS,Skp1,Skp1a
GO_BP,GOBP_CELLULAR_RESPONSE_TO_TOPOLOGICALLY_INCORRECT_PROTEIN,Ero1a,Ero1l
GO_BP,GOBP_CELLULAR_RESPONSE_TO_UNFOLDED_PROTEIN,Ero1a,Ero1l
GO_BP,GOBP_CENTRAL_NERVOUS_SYSTEM_DEVELOPMENT,Pals1,Mpp5
GO_BP,GOBP_CENTRAL_NERVOUS_SYSTEM_NEURON_DEVELOPMENT,Pals1,Mpp5
GO_BP,GOBP_CENTRAL_NERVOUS_SYSTEM_NEURON_DIFFERENTIATION,Pals1,Mpp5
GO_BP,GOBP_CENTROSOME_DUPLICATION,Skp1,Skp1a
GO_BP,GOBP_CEREBRAL_CORTEX_DEVELOPMENT,Pals1,Mpp5
GO_BP,GOBP_CHEMICAL_HOMEOSTASIS,Ero1a,Ero1l
GO_BP,GOBP_CHEMICAL_HOMEOSTASIS,Skp1,Skp1a
GO_BP,GOBP_CHROMATIN_ORGANIZATION,Skp1,Skp1a
GO_BP,GOBP_CHROMATIN_REMODELING,Skp1,Skp1a
GO_BP,GOBP_CILIUM_ORGANIZATION,Skp1,Skp1a
GO_BP,GOBP_CIRCADIAN_RHYTHM,Skp1,Skp1a
GO_BP,GOBP_CIRCULATORY_SYSTEM_DEVELOPMENT,Wars1,Wars
GO_BP,GOBP_COLLAGEN_FIBRIL_ORGANIZATION,Ero1a,Ero1l
GO_BP,GOBP_CYTOKINE_PRODUCTION,Rigi,Ddx58
GO_BP,GOBP_CYTOKINE_PRODUCTION_INVOLVED_IN_IMMUNE_RESPONSE,Rigi,Ddx58
GO_BP,GOBP_CYTOPLASMIC_PATTERN_RECOGNITION_RECEPTOR_SIGNALING_PATHWAY,Rigi,Ddx58
GO_BP,GOBP_CYTOSKELETON_ORGANIZATION,Myo15a,Myo15
GO_BP,GOBP_CYTOSKELETON_ORGANIZATION,Skp1,Skp1a
GO_BP,GOBP_DEFENSE_RESPONSE_TO_OTHER_ORGANISM,Ddx39a,Ddx39
GO_BP,GOBP_DEFENSE_RESPONSE_TO_OTHER_ORGANISM,Rigi,Ddx58
GO_BP,GOBP_DEFENSE_RESPONSE_TO_OTHER_ORGANISM,Skp1,Skp1a
GO_BP,GOBP_DEFENSE_RESPONSE_TO_VIRUS,Rigi,Ddx58
GO_BP,GOBP_DENDRITIC_CELL_CYTOKINE_PRODUCTION,Rigi,Ddx58
GO_BP,GOBP_DEVELOPMENTAL_GROWTH,Skp1,Skp1a
GO_BP,GOBP_DNA_DAMAGE_RESPONSE,Skp1,Skp1a
GO_BP,GOBP_DNA_INTEGRITY_CHECKPOINT_SIGNALING,Skp1,Skp1a
GO_BP,GOBP_DNA_TEMPLATED_TRANSCRIPTION_ELONGATION,Polr1h,Znrd1
GO_BP,GOBP_DNA_TEMPLATED_TRANSCRIPTION_INITIATION,Polr1h,Znrd1
GO_BP,GOBP_DNA_TEMPLATED_TRANSCRIPTION_TERMINATION,Polr1h,Znrd1
GO_BP,GOBP_EAR_DEVELOPMENT,Myo15a,Myo15
GO_BP,GOBP_EAR_MORPHOGENESIS,Myo15a,Myo15
GO_BP,GOBP_EMBRYO_DEVELOPMENT,Myo15a,Myo15
GO_BP,GOBP_EMBRYO_DEVELOPMENT,Pals1,Mpp5
GO_BP,GOBP_EMBRYONIC_MORPHOGENESIS,Myo15a,Myo15
GO_BP,GOBP_EMBRYONIC_MORPHOGENESIS,Pals1,Mpp5
GO_BP,GOBP_EMBRYONIC_ORGAN_DEVELOPMENT,Myo15a,Myo15
GO_BP,GOBP_EMBRYONIC_ORGAN_MORPHOGENESIS,Myo15a,Myo15
GO_BP,GOBP_ENDOCYTOSIS,Myo15a,Myo15
GO_BP,GOBP_ENDOMEMBRANE_SYSTEM_ORGANIZATION,Pals1,Mpp5
GO_BP,GOBP_ENDOTHELIAL_CELL_MATRIX_ADHESION,Gfus,Tsta3
GO_BP,GOBP_ENDOTHELIAL_CELL_MIGRATION,Gfus,Tsta3
GO_BP,GOBP_ENSHEATHMENT_OF_NEURONS,Pals1,Mpp5
GO_BP,GOBP_ENZYME_LINKED_RECEPTOR_PROTEIN_SIGNALING_PATHWAY,Ero1a,Ero1l
GO_BP,GOBP_ENZYME_LINKED_RECEPTOR_PROTEIN_SIGNALING_PATHWAY,Pals1,Mpp5
GO_BP,GOBP_ENZYME_LINKED_RECEPTOR_PROTEIN_SIGNALING_PATHWAY,Skp1,Skp1a
GO_BP,GOBP_EPIGENETIC_REGULATION_OF_GENE_EXPRESSION,Skp1,Skp1a
GO_BP,GOBP_EPITHELIUM_DEVELOPMENT,Pals1,Mpp5
GO_BP,GOBP_ESTABLISHMENT_OF_LOCALIZATION_IN_CELL,Ddx39a,Ddx39
GO_BP,GOBP_ESTABLISHMENT_OF_LOCALIZATION_IN_CELL,Irag2,Lrmp
GO_BP,GOBP_ESTABLISHMENT_OF_ORGANELLE_LOCALIZATION,Irag2,Lrmp
GO_BP,GOBP_ESTABLISHMENT_OF_RNA_LOCALIZATION,Ddx39a,Ddx39
GO_BP,GOBP_ESTABLISHMENT_OR_MAINTENANCE_OF_BIPOLAR_CELL_POLARITY,Pals1,Mpp5
GO_BP,GOBP_ESTABLISHMENT_OR_MAINTENANCE_OF_CELL_POLARITY,Pals1,Mpp5
GO_BP,GOBP_EXTERNAL_ENCAPSULATING_STRUCTURE_ORGANIZATION,Ero1a,Ero1l
GO_BP,GOBP_FAT_CELL_DIFFERENTIATION,Ero1a,Ero1l
GO_BP,GOBP_FERTILIZATION,Irag2,Lrmp
GO_BP,GOBP_FOREBRAIN_DEVELOPMENT,Pals1,Mpp5
GO_BP,GOBP_GDP_L_FUCOSE_METABOLIC_PROCESS,Gfus,Tsta3
GO_BP,GOBP_GDP_MANNOSE_METABOLIC_PROCESS,Gfus,Tsta3
GO_BP,GOBP_GENERATION_OF_NEURONS,Pals1,Mpp5
GO_BP,GOBP_GLIAL_CELL_DEVELOPMENT,Pals1,Mpp5
GO_BP,GOBP_GLIAL_CELL_DIFFERENTIATION,Pals1,Mpp5
GO_BP,GOBP_GLIOGENESIS,Pals1,Mpp5
GO_BP,GOBP_GLYCEROLIPID_BIOSYNTHETIC_PROCESS,Hycc2,Fam126b
GO_BP,GOBP_GLYCEROLIPID_METABOLIC_PROCESS,Hycc2,Fam126b
GO_BP,GOBP_GLYCEROPHOSPHOLIPID_BIOSYNTHETIC_PROCESS,Hycc2,Fam126b
GO_BP,GOBP_GLYCEROPHOSPHOLIPID_METABOLIC_PROCESS,Hycc2,Fam126b
GO_BP,GOBP_GRANULOCYTE_MACROPHAGE_COLONY_STIMULATING_FACTOR_PRODUCTION,Rigi,Ddx58
GO_BP,GOBP_GROWTH,Skp1,Skp1a
GO_BP,GOBP_HEAD_DEVELOPMENT,Pals1,Mpp5
GO_BP,GOBP_HETEROCHROMATIN_ORGANIZATION,Skp1,Skp1a
GO_BP,GOBP_HOMEOSTATIC_PROCESS,Ero1a,Ero1l
GO_BP,GOBP_HOMEOSTATIC_PROCESS,Skp1,Skp1a
GO_BP,GOBP_IMMUNE_EFFECTOR_PROCESS,Gfus,Tsta3
GO_BP,GOBP_IMMUNE_EFFECTOR_PROCESS,Rigi,Ddx58
GO_BP,GOBP_IMMUNE_RESPONSE_REGULATING_SIGNALING_PATHWAY,Rigi,Ddx58
GO_BP,GOBP_IMPORT_INTO_CELL,Myo15a,Myo15
GO_BP,GOBP_INFLAMMATORY_RESPONSE,Skp1,Skp1a
GO_BP,GOBP_INNER_EAR_MORPHOGENESIS,Myo15a,Myo15
GO_BP,GOBP_INORGANIC_ION_HOMEOSTASIS,Ero1a,Ero1l
GO_BP,GOBP_INORGANIC_ION_HOMEOSTASIS,Skp1,Skp1a
GO_BP,GOBP_INTERFERON_ALPHA_PRODUCTION,Rigi,Ddx58
GO_BP,GOBP_INTERFERON_BETA_PRODUCTION,Rigi,Ddx58
GO_BP,GOBP_INTERLEUKIN_6_PRODUCTION,Rigi,Ddx58
GO_BP,GOBP_INTERLEUKIN_8_PRODUCTION,Rigi,Ddx58
GO_BP,GOBP_INTRACELLULAR_IRON_ION_HOMEOSTASIS,Skp1,Skp1a
GO_BP,GOBP_INTRACELLULAR_RECEPTOR_SIGNALING_PATHWAY,Rigi,Ddx58
GO_BP,GOBP_INTRACELLULAR_TRANSPORT,Ddx39a,Ddx39
GO_BP,GOBP_INTRINSIC_APOPTOTIC_SIGNALING_PATHWAY,Ero1a,Ero1l
GO_BP,GOBP_INTRINSIC_APOPTOTIC_SIGNALING_PATHWAY_IN_RESPONSE_TO_ENDOPLASMIC_RETICULUM_STRESS,Ero1a,Ero1l
GO_BP,GOBP_L_ASCORBIC_ACID_METABOLIC_PROCESS,Ero1a,Ero1l
GO_BP,GOBP_LACTONE_METABOLIC_PROCESS,Ero1a,Ero1l
GO_BP,GOBP_LEUKOCYTE_CELL_CELL_ADHESION,Gfus,Tsta3
GO_BP,GOBP_LEUKOCYTE_MEDIATED_CYTOTOXICITY,Gfus,Tsta3
GO_BP,GOBP_LEUKOCYTE_MEDIATED_IMMUNITY,Gfus,Tsta3
GO_BP,GOBP_LEUKOCYTE_MEDIATED_IMMUNITY,Rigi,Ddx58
GO_BP,GOBP_LIPID_BIOSYNTHETIC_PROCESS,Hycc2,Fam126b
GO_BP,GOBP_LIPID_METABOLIC_PROCESS,Hycc2,Fam126b
GO_BP,GOBP_LOCALIZATION_WITHIN_MEMBRANE,Hycc2,Fam126b
GO_BP,GOBP_LOCALIZATION_WITHIN_MEMBRANE,Pals1,Mpp5
GO_BP,GOBP_LOCOMOTION,Gfus,Tsta3
GO_BP,GOBP_LOCOMOTION,Rigi,Ddx58
GO_BP,GOBP_LOCOMOTORY_BEHAVIOR,Myo15a,Myo15
GO_BP,GOBP_LYMPHOCYTE_MEDIATED_IMMUNITY,Gfus,Tsta3
GO_BP,GOBP_MACROAUTOPHAGY,Skp1,Skp1a
GO_BP,GOBP_MACROMOLECULE_CATABOLIC_PROCESS,Skp1,Skp1a
GO_BP,GOBP_MAINTENANCE_OF_LOCATION,Ero1a,Ero1l
GO_BP,GOBP_MAINTENANCE_OF_LOCATION,Skp1,Skp1a
GO_BP,GOBP_MAINTENANCE_OF_PROTEIN_LOCALIZATION_IN_ORGANELLE,Skp1,Skp1a
GO_BP,GOBP_MAINTENANCE_OF_PROTEIN_LOCATION,Skp1,Skp1a
GO_BP,GOBP_MAINTENANCE_OF_PROTEIN_LOCATION_IN_NUCLEUS,Skp1,Skp1a
GO_BP,GOBP_MEMBRANE_FUSION,Irag2,Lrmp
GO_BP,GOBP_MEMBRANE_ORGANIZATION,Irag2,Lrmp
GO_BP,GOBP_MEMBRANE_ORGANIZATION,Pals1,Mpp5
GO_BP,GOBP_MESENCHYMAL_CELL_DIFFERENTIATION,Skp1,Skp1a
GO_BP,GOBP_MESENCHYME_DEVELOPMENT,Skp1,Skp1a
GO_BP,GOBP_METAL_ION_TRANSPORT,Ero1a,Ero1l
GO_BP,GOBP_MICROTUBULE_BASED_PROCESS,Skp1,Skp1a
GO_BP,GOBP_MICROTUBULE_CYTOSKELETON_ORGANIZATION,Skp1,Skp1a
GO_BP,GOBP_MICROTUBULE_ORGANIZING_CENTER_ORGANIZATION,Skp1,Skp1a
GO_BP,GOBP_MITOPHAGY,Skp1,Skp1a
GO_BP,GOBP_MITOTIC_CELL_CYCLE,Skp1,Skp1a
GO_BP,GOBP_MITOTIC_CELL_CYCLE_PHASE_TRANSITION,Skp1,Skp1a
GO_BP,GOBP_MITOTIC_CELL_CYCLE_PROCESS,Skp1,Skp1a
GO_BP,GOBP_MODIFICATION_DEPENDENT_MACROMOLECULE_CATABOLIC_PROCESS,Skp1,Skp1a
GO_BP,GOBP_MONOATOMIC_CATION_TRANSPORT,Ero1a,Ero1l
GO_BP,GOBP_MONOATOMIC_ION_HOMEOSTASIS,Ero1a,Ero1l
GO_BP,GOBP_MONOATOMIC_ION_HOMEOSTASIS,Skp1,Skp1a
GO_BP,GOBP_MONOATOMIC_ION_TRANSMEMBRANE_TRANSPORT,Ero1a,Ero1l
GO_BP,GOBP_MONOATOMIC_ION_TRANSPORT,Ero1a,Ero1l
GO_BP,GOBP_MONOSACCHARIDE_METABOLIC_PROCESS,Ero1a,Ero1l
GO_BP,GOBP_MORPHOGENESIS_OF_AN_EPITHELIAL_SHEET,Pals1,Mpp5
GO_BP,GOBP_MORPHOGENESIS_OF_AN_EPITHELIUM,Pals1,Mpp5
GO_BP,GOBP_MORPHOGENESIS_OF_EMBRYONIC_EPITHELIUM,Pals1,Mpp5
GO_BP,GOBP_MRNA_EXPORT_FROM_NUCLEUS,Ddx39a,Ddx39
GO_BP,GOBP_MRNA_METABOLIC_PROCESS,Ddx39a,Ddx39
GO_BP,GOBP_MRNA_PROCESSING,Ddx39a,Ddx39
GO_BP,GOBP_MRNA_TRANSPORT,Ddx39a,Ddx39
GO_BP,GOBP_MUSCLE_ORGAN_DEVELOPMENT,Ero1a,Ero1l
GO_BP,GOBP_MUSCLE_STRUCTURE_DEVELOPMENT,Ero1a,Ero1l
GO_BP,GOBP_MUSCLE_TISSUE_DEVELOPMENT,Ero1a,Ero1l
GO_BP,GOBP_MYELIN_ASSEMBLY,Pals1,Mpp5
GO_BP,GOBP_MYELIN_MAINTENANCE,Pals1,Mpp5
GO_BP,GOBP_MYELOID_DENDRITIC_CELL_CYTOKINE_PRODUCTION,Rigi,Ddx58
GO_BP,GOBP_MYELOID_LEUKOCYTE_CYTOKINE_PRODUCTION,Rigi,Ddx58
GO_BP,GOBP_MYELOID_LEUKOCYTE_MEDIATED_IMMUNITY,Rigi,Ddx58
GO_BP,GOBP_NEGATIVE_REGULATION_OF_CELL_CYCLE,Skp1,Skp1a
GO_BP,GOBP_NEGATIVE_REGULATION_OF_CELL_CYCLE_PROCESS,Skp1,Skp1a
GO_BP,GOBP_NEGATIVE_REGULATION_OF_CELL_POPULATION_PROLIFERATION,Wars1,Wars
GO_BP,GOBP_NEGATIVE_REGULATION_OF_DEFENSE_RESPONSE,Ddx39a,Ddx39
GO_BP,GOBP_NEGATIVE_REGULATION_OF_GENE_EXPRESSION,Skp1,Skp1a
GO_BP,GOBP_NEGATIVE_REGULATION_OF_GENE_EXPRESSION_EPIGENETIC,Skp1,Skp1a
GO_BP,GOBP_NEGATIVE_REGULATION_OF_IMMUNE_RESPONSE,Ddx39a,Ddx39
GO_BP,GOBP_NEGATIVE_REGULATION_OF_IMMUNE_SYSTEM_PROCESS,Ddx39a,Ddx39
GO_BP,GOBP_NEGATIVE_REGULATION_OF_INNATE_IMMUNE_RESPONSE,Ddx39a,Ddx39
GO_BP,GOBP_NEGATIVE_REGULATION_OF_INTRACELLULAR_TRANSPORT,Ddx39a,Ddx39
GO_BP,GOBP_NEGATIVE_REGULATION_OF_NUCLEOBASE_CONTAINING_COMPOUND_METABOLIC_PROCESS,Skp1,Skp1a
GO_BP,GOBP_NEGATIVE_REGULATION_OF_NUCLEOCYTOPLASMIC_TRANSPORT,Ddx39a,Ddx39
GO_BP,GOBP_NEGATIVE_REGULATION_OF_PHOSPHORUS_METABOLIC_PROCESS,Niban1,Fam129a
GO_BP,GOBP_NEGATIVE_REGULATION_OF_PHOSPHORYLATION,Niban1,Fam129a
GO_BP,GOBP_NEGATIVE_REGULATION_OF_PROTEIN_METABOLIC_PROCESS,Niban1,Fam129a
GO_BP,GOBP_NEGATIVE_REGULATION_OF_PROTEIN_MODIFICATION_PROCESS,Niban1,Fam129a
GO_BP,GOBP_NEGATIVE_REGULATION_OF_RESPONSE_TO_BIOTIC_STIMULUS,Ddx39a,Ddx39
GO_BP,GOBP_NEGATIVE_REGULATION_OF_RESPONSE_TO_EXTERNAL_STIMULUS,Ddx39a,Ddx39
GO_BP,GOBP_NEGATIVE_REGULATION_OF_RESPONSE_TO_STIMULUS,Ddx39a,Ddx39
GO_BP,GOBP_NEGATIVE_REGULATION_OF_RNA_BIOSYNTHETIC_PROCESS,Skp1,Skp1a
GO_BP,GOBP_NEGATIVE_REGULATION_OF_TRANSPORT,Ddx39a,Ddx39
GO_BP,GOBP_NERVOUS_SYSTEM_PROCESS,Myo15a,Myo15
GO_BP,GOBP_NEURAL_CREST_CELL_DIFFERENTIATION,Skp1,Skp1a
GO_BP,GOBP_NEUROGENESIS,Pals1,Mpp5
GO_BP,GOBP_NEUROMUSCULAR_JUNCTION_DEVELOPMENT,Skp1,Skp1a
GO_BP,GOBP_NEURON_DEVELOPMENT,Pals1,Mpp5
GO_BP,GOBP_NITROGEN_COMPOUND_TRANSPORT,Ddx39a,Ddx39
GO_BP,GOBP_NUCLEAR_EXPORT,Ddx39a,Ddx39
GO_BP,GOBP_NUCLEAR_TRANSPORT,Ddx39a,Ddx39
GO_BP,GOBP_NUCLEOBASE_CONTAINING_COMPOUND_TRANSPORT,Ddx39a,Ddx39
GO_BP,GOBP_NUCLEOBASE_CONTAINING_SMALL_MOLECULE_METABOLIC_PROCESS,Gfus,Tsta3
GO_BP,GOBP_NUCLEOLAR_LARGE_RRNA_TRANSCRIPTION_BY_RNA_POLYMERASE_I,Polr1h,Znrd1
GO_BP,GOBP_NUCLEOSIDE_PHOSPHATE_BIOSYNTHETIC_PROCESS,Gfus,Tsta3
GO_BP,GOBP_NUCLEOTIDE_SUGAR_BIOSYNTHETIC_PROCESS,Gfus,Tsta3
GO_BP,GOBP_NUCLEOTIDE_SUGAR_METABOLIC_PROCESS,Gfus,Tsta3
GO_BP,GOBP_NUCLEUS_ORGANIZATION,Irag2,Lrmp
GO_BP,GOBP_ORGANELLE_ASSEMBLY,Skp1,Skp1a
GO_BP,GOBP_ORGANELLE_FUSION,Irag2,Lrmp
GO_BP,GOBP_ORGANELLE_LOCALIZATION,Irag2,Lrmp
GO_BP,GOBP_ORGANELLE_MEMBRANE_FUSION,Irag2,Lrmp
GO_BP,GOBP_ORGANIC_ACID_METABOLIC_PROCESS,Ero1a,Ero1l
GO_BP,GOBP_ORGANOPHOSPHATE_BIOSYNTHETIC_PROCESS,Gfus,Tsta3
GO_BP,GOBP_ORGANOPHOSPHATE_BIOSYNTHETIC_PROCESS,Hycc2,Fam126b
GO_BP,GOBP_ORGANOPHOSPHATE_METABOLIC_PROCESS,Gfus,Tsta3
GO_BP,GOBP_ORGANOPHOSPHATE_METABOLIC_PROCESS,Hycc2,Fam126b
GO_BP,GOBP_PALLIUM_DEVELOPMENT,Pals1,Mpp5
GO_BP,GOBP_PERIPHERAL_NERVOUS_SYSTEM_AXON_ENSHEATHMENT,Pals1,Mpp5
GO_BP,GOBP_PERIPHERAL_NERVOUS_SYSTEM_DEVELOPMENT,Pals1,Mpp5
GO_BP,GOBP_PERIPHERAL_NERVOUS_SYSTEM_MYELIN_MAINTENANCE,Pals1,Mpp5
GO_BP,GOBP_PHOSPHATIDYLINOSITOL_BIOSYNTHETIC_PROCESS,Hycc2,Fam126b
GO_BP,GOBP_PHOSPHATIDYLINOSITOL_METABOLIC_PROCESS,Hycc2,Fam126b
GO_BP,GOBP_PHOSPHATIDYLINOSITOL_PHOSPHATE_BIOSYNTHETIC_PROCESS,Hycc2,Fam126b
GO_BP,GOBP_PHOSPHOLIPID_BIOSYNTHETIC_PROCESS,Hycc2,Fam126b
GO_BP,GOBP_PHOSPHOLIPID_METABOLIC_PROCESS,Hycc2,Fam126b
GO_BP,GOBP_PHOSPHORUS_METABOLIC_PROCESS,Gfus,Tsta3
GO_BP,GOBP_PHOSPHORUS_METABOLIC_PROCESS,Hycc2,Fam126b
GO_BP,GOBP_PHOSPHORUS_METABOLIC_PROCESS,Niban1,Fam129a
GO_BP,GOBP_PHOSPHORYLATION,Niban1,Fam129a
GO_BP,GOBP_PLASMA_MEMBRANE_ORGANIZATION,Pals1,Mpp5
GO_BP,GOBP_POSITIVE_REGULATION_OF_CELL_ADHESION,Gfus,Tsta3
GO_BP,GOBP_POSITIVE_REGULATION_OF_CELL_MATRIX_ADHESION,Gfus,Tsta3
GO_BP,GOBP_POSITIVE_REGULATION_OF_CELL_SUBSTRATE_ADHESION,Gfus,Tsta3
GO_BP,GOBP_POSITIVE_REGULATION_OF_CYTOKINE_PRODUCTION,Rigi,Ddx58
GO_BP,GOBP_POSITIVE_REGULATION_OF_CYTOKINE_PRODUCTION_INVOLVED_IN_IMMUNE_RESPONSE,Rigi,Ddx58
GO_BP,GOBP_POSITIVE_REGULATION_OF_DEFENSE_RESPONSE,Rigi,Ddx58
GO_BP,GOBP_POSITIVE_REGULATION_OF_DEFENSE_RESPONSE_TO_VIRUS_BY_HOST,Rigi,Ddx58
GO_BP,GOBP_POSITIVE_REGULATION_OF_DENDRITIC_CELL_CYTOKINE_PRODUCTION,Rigi,Ddx58
GO_BP,GOBP_POSITIVE_REGULATION_OF_ENDOTHELIAL_CELL_MATRIX_ADHESION,Gfus,Tsta3
GO_BP,GOBP_POSITIVE_REGULATION_OF_ENDOTHELIAL_CELL_MIGRATION,Gfus,Tsta3
GO_BP,GOBP_POSITIVE_REGULATION_OF_GENE_EXPRESSION,Niban1,Fam129a
GO_BP,GOBP_POSITIVE_REGULATION_OF_GENE_EXPRESSION,Rigi,Ddx58
GO_BP,GOBP_POSITIVE_REGULATION_OF_IMMUNE_EFFECTOR_PROCESS,Rigi,Ddx58
GO_BP,GOBP_POSITIVE_REGULATION_OF_IMMUNE_RESPONSE,Rigi,Ddx58
GO_BP,GOBP_POSITIVE_REGULATION_OF_IMMUNE_SYSTEM_PROCESS,Rigi,Ddx58
GO_BP,GOBP_POSITIVE_REGULATION_OF_INTERFERON_ALPHA_PRODUCTION,Rigi,Ddx58
GO_BP,GOBP_POSITIVE_REGULATION_OF_INTERFERON_BETA_PRODUCTION,Rigi,Ddx58
GO_BP,GOBP_POSITIVE_REGULATION_OF_INTERLEUKIN_6_PRODUCTION,Rigi,Ddx58
GO_BP,GOBP_POSITIVE_REGULATION_OF_INTERLEUKIN_8_PRODUCTION,Rigi,Ddx58
GO_BP,GOBP_POSITIVE_REGULATION_OF_LEUKOCYTE_MEDIATED_IMMUNITY,Rigi,Ddx58
GO_BP,GOBP_POSITIVE_REGULATION_OF_LOCOMOTION,Gfus,Tsta3
GO_BP,GOBP_POSITIVE_REGULATION_OF_MULTICELLULAR_ORGANISMAL_PROCESS,Rigi,Ddx58
GO_BP,GOBP_POSITIVE_REGULATION_OF_MYELOID_LEUKOCYTE_CYTOKINE_PRODUCTION_INVOLVED_IN_IMMUNE_RESPONSE,Rigi,Ddx58
GO_BP,GOBP_POSITIVE_REGULATION_OF_MYELOID_LEUKOCYTE_MEDIATED_IMMUNITY,Rigi,Ddx58
GO_BP,GOBP_POSITIVE_REGULATION_OF_PHOSPHORUS_METABOLIC_PROCESS,Niban1,Fam129a
GO_BP,GOBP_POSITIVE_REGULATION_OF_PHOSPHORYLATION,Niban1,Fam129a
GO_BP,GOBP_POSITIVE_REGULATION_OF_PRODUCTION_OF_MOLECULAR_MEDIATOR_OF_IMMUNE_RESPONSE,Rigi,Ddx58
GO_BP,GOBP_POSITIVE_REGULATION_OF_PROTEIN_METABOLIC_PROCESS,Niban1,Fam129a
GO_BP,GOBP_POSITIVE_REGULATION_OF_PROTEIN_METABOLIC_PROCESS,Rigi,Ddx58
GO_BP,GOBP_POSITIVE_REGULATION_OF_PROTEIN_MODIFICATION_PROCESS,Niban1,Fam129a
GO_BP,GOBP_POSITIVE_REGULATION_OF_RESPONSE_TO_BIOTIC_STIMULUS,Rigi,Ddx58
GO_BP,GOBP_POSITIVE_REGULATION_OF_RESPONSE_TO_CYTOKINE_STIMULUS,Rigi,Ddx58
GO_BP,GOBP_POSITIVE_REGULATION_OF_RESPONSE_TO_EXTERNAL_STIMULUS,Rigi,Ddx58
GO_BP,GOBP_POSITIVE_REGULATION_OF_RNA_METABOLIC_PROCESS,Rigi,Ddx58
GO_BP,GOBP_POSITIVE_REGULATION_OF_TRANSCRIPTION_BY_RNA_POLYMERASE_II,Rigi,Ddx58
GO_BP,GOBP_POSITIVE_REGULATION_OF_TRANSLATION,Niban1,Fam129a
GO_BP,GOBP_POSITIVE_REGULATION_OF_TUMOR_NECROSIS_FACTOR_SUPERFAMILY_CYTOKINE_PRODUCTION,Rigi,Ddx58
GO_BP,GOBP_POSITIVE_REGULATION_OF_TYPE_I_INTERFERON_PRODUCTION,Rigi,Ddx58
GO_BP,GOBP_POST_TRANSCRIPTIONAL_REGULATION_OF_GENE_EXPRESSION,Niban1,Fam129a
GO_BP,GOBP_POST_TRANSLATIONAL_PROTEIN_MODIFICATION,Skp1,Skp1a
GO_BP,GOBP_PROCESS_UTILIZING_AUTOPHAGIC_MECHANISM,Skp1,Skp1a
GO_BP,GOBP_PRODUCTION_OF_MOLECULAR_MEDIATOR_OF_IMMUNE_RESPONSE,Rigi,Ddx58
GO_BP,GOBP_PROTEASOMAL_PROTEIN_CATABOLIC_PROCESS,Skp1,Skp1a
GO_BP,GOBP_PROTEASOME_MEDIATED_UBIQUITIN_DEPENDENT_PROTEIN_CATABOLIC_PROCESS,Skp1,Skp1a
GO_BP,GOBP_PROTEIN_CATABOLIC_PROCESS,Skp1,Skp1a
GO_BP,GOBP_PROTEIN_FOLDING,Ero1a,Ero1l
GO_BP,GOBP_PROTEIN_FOLDING_IN_ENDOPLASMIC_RETICULUM,Ero1a,Ero1l
GO_BP,GOBP_PROTEIN_K48_LINKED_UBIQUITINATION,Skp1,Skp1a
GO_BP,GOBP_PROTEIN_LOCALIZATION_TO_CELL_PERIPHERY,Hycc2,Fam126b
GO_BP,GOBP_PROTEIN_LOCALIZATION_TO_CELL_PERIPHERY,Pals1,Mpp5
GO_BP,GOBP_PROTEIN_LOCALIZATION_TO_MEMBRANE,Hycc2,Fam126b
GO_BP,GOBP_PROTEIN_LOCALIZATION_TO_MEMBRANE,Pals1,Mpp5
GO_BP,GOBP_PROTEIN_LOCALIZATION_TO_NUCLEUS,Skp1,Skp1a
GO_BP,GOBP_PROTEIN_LOCALIZATION_TO_ORGANELLE,Skp1,Skp1a
GO_BP,GOBP_PROTEIN_LOCALIZATION_TO_PLASMA_MEMBRANE,Hycc2,Fam126b
GO_BP,GOBP_PROTEIN_LOCALIZATION_TO_PLASMA_MEMBRANE,Pals1,Mpp5
GO_BP,GOBP_PROTEIN_MATURATION,Ero1a,Ero1l
GO_BP,GOBP_PROTEIN_MODIFICATION_BY_SMALL_PROTEIN_CONJUGATION,Skp1,Skp1a
GO_BP,GOBP_PROTEIN_MODIFICATION_PROCESS,Niban1,Fam129a
GO_BP,GOBP_PROTEIN_MODIFICATION_PROCESS,Skp1,Skp1a
GO_BP,GOBP_PROTEIN_MONOUBIQUITINATION,Skp1,Skp1a
GO_BP,GOBP_PROTEIN_POLYUBIQUITINATION,Skp1,Skp1a
GO_BP,GOBP_PROTEOLYSIS,Skp1,Skp1a
GO_BP,GOBP_PROTEOLYSIS_INVOLVED_IN_PROTEIN_CATABOLIC_PROCESS,Skp1,Skp1a
GO_BP,GOBP_REGULATION_OF_ANATOMICAL_STRUCTURE_MORPHOGENESIS,Wars1,Wars
GO_BP,GOBP_REGULATION_OF_AUTOPHAGY,Skp1,Skp1a
GO_BP,GOBP_REGULATION_OF_AUTOPHAGY_OF_MITOCHONDRION,Skp1,Skp1a
GO_BP,GOBP_REGULATION_OF_BMP_SIGNALING_PATHWAY,Skp1,Skp1a
GO_BP,GOBP_REGULATION_OF_CATABOLIC_PROCESS,Skp1,Skp1a
GO_BP,GOBP_REGULATION_OF_CELL_ADHESION,Gfus,Tsta3
GO_BP,GOBP_REGULATION_OF_CELL_CYCLE,Skp1,Skp1a
GO_BP,GOBP_REGULATION_OF_CELL_CYCLE_CHECKPOINT,Skp1,Skp1a
GO_BP,GOBP_REGULATION_OF_CELL_CYCLE_PHASE_TRANSITION,Skp1,Skp1a
GO_BP,GOBP_REGULATION_OF_CELL_CYCLE_PROCESS,Skp1,Skp1a
GO_BP,GOBP_REGULATION_OF_CELL_MATRIX_ADHESION,Gfus,Tsta3
GO_BP,GOBP_REGULATION_OF_CELL_POPULATION_PROLIFERATION,Wars1,Wars
GO_BP,GOBP_REGULATION_OF_CELL_SUBSTRATE_ADHESION,Gfus,Tsta3
GO_BP,GOBP_REGULATION_OF_CELLULAR_LOCALIZATION,Ddx39a,Ddx39
GO_BP,GOBP_REGULATION_OF_CELLULAR_RESPONSE_TO_GROWTH_FACTOR_STIMULUS,Pals1,Mpp5
GO_BP,GOBP_REGULATION_OF_CELLULAR_RESPONSE_TO_GROWTH_FACTOR_STIMULUS,Skp1,Skp1a
GO_BP,GOBP_REGULATION_OF_CELLULAR_RESPONSE_TO_STRESS,Skp1,Skp1a
GO_BP,GOBP_REGULATION_OF_CELLULAR_RESPONSE_TO_TRANSFORMING_GROWTH_FACTOR_BETA_STIMULUS,Pals1,Mpp5
GO_BP,GOBP_REGULATION_OF_CENTROSOME_CYCLE,Skp1,Skp1a
GO_BP,GOBP_REGULATION_OF_CIRCADIAN_RHYTHM,Skp1,Skp1a
GO_BP,GOBP_REGULATION_OF_DEFENSE_RESPONSE,Ddx39a,Ddx39
GO_BP,GOBP_REGULATION_OF_DEFENSE_RESPONSE,Rigi,Ddx58
GO_BP,GOBP_REGULATION_OF_DEFENSE_RESPONSE,Skp1,Skp1a
GO_BP,GOBP_REGULATION_OF_DEFENSE_RESPONSE_TO_VIRUS,Rigi,Ddx58
GO_BP,GOBP_REGULATION_OF_DEFENSE_RESPONSE_TO_VIRUS_BY_HOST,Rigi,Ddx58
GO_BP,GOBP_REGULATION_OF_DNA_DAMAGE_CHECKPOINT,Skp1,Skp1a
GO_BP,GOBP_REGULATION_OF_ENDOTHELIAL_CELL_MATRIX_ADHESION,Gfus,Tsta3
GO_BP,GOBP_REGULATION_OF_ENDOTHELIAL_CELL_MIGRATION,Gfus,Tsta3
GO_BP,GOBP_REGULATION_OF_IMMUNE_EFFECTOR_PROCESS,Rigi,Ddx58
GO_BP,GOBP_REGULATION_OF_IMMUNE_RESPONSE,Ddx39a,Ddx39
GO_BP,GOBP_REGULATION_OF_IMMUNE_RESPONSE,Rigi,Ddx58
GO_BP,GOBP_REGULATION_OF_IMMUNE_SYSTEM_PROCESS,Ddx39a,Ddx39
GO_BP,GOBP_REGULATION_OF_IMMUNE_SYSTEM_PROCESS,Rigi,Ddx58
GO_BP,GOBP_REGULATION_OF_INFLAMMATORY_RESPONSE,Skp1,Skp1a
GO_BP,GOBP_REGULATION_OF_INNATE_IMMUNE_RESPONSE,Ddx39a,Ddx39
GO_BP,GOBP_REGULATION_OF_INNATE_IMMUNE_RESPONSE,Rigi,Ddx58
GO_BP,GOBP_REGULATION_OF_INTRACELLULAR_TRANSPORT,Ddx39a,Ddx39
GO_BP,GOBP_REGULATION_OF_LEUKOCYTE_MEDIATED_IMMUNITY,Rigi,Ddx58
GO_BP,GOBP_REGULATION_OF_LOCOMOTION,Gfus,Tsta3
GO_BP,GOBP_REGULATION_OF_LOCOMOTION,Rigi,Ddx58
GO_BP,GOBP_REGULATION_OF_MACROAUTOPHAGY,Skp1,Skp1a
GO_BP,GOBP_REGULATION_OF_MICROTUBULE_BASED_PROCESS,Skp1,Skp1a
GO_BP,GOBP_REGULATION_OF_MITOTIC_CELL_CYCLE,Skp1,Skp1a
GO_BP,GOBP_REGULATION_OF_MULTICELLULAR_ORGANISMAL_DEVELOPMENT,Wars1,Wars
GO_BP,GOBP_REGULATION_OF_MYELOID_LEUKOCYTE_MEDIATED_IMMUNITY,Rigi,Ddx58
GO_BP,GOBP_REGULATION_OF_NUCLEOBASE_CONTAINING_COMPOUND_TRANSPORT,Ddx39a,Ddx39
GO_BP,GOBP_REGULATION_OF_NUCLEOCYTOPLASMIC_TRANSPORT,Ddx39a,Ddx39
GO_BP,GOBP_REGULATION_OF_PHOSPHORUS_METABOLIC_PROCESS,Niban1,Fam129a
GO_BP,GOBP_REGULATION_OF_PHOSPHORYLATION,Niban1,Fam129a
GO_BP,GOBP_REGULATION_OF_PRODUCTION_OF_MOLECULAR_MEDIATOR_OF_IMMUNE_RESPONSE,Rigi,Ddx58
GO_BP,GOBP_REGULATION_OF_PROGRAMMED_CELL_DEATH,Skp1,Skp1a
GO_BP,GOBP_REGULATION_OF_PROTEIN_METABOLIC_PROCESS,Niban1,Fam129a
GO_BP,GOBP_REGULATION_OF_PROTEIN_METABOLIC_PROCESS,Rigi,Ddx58
GO_BP,GOBP_REGULATION_OF_PROTEIN_MODIFICATION_PROCESS,Niban1,Fam129a
GO_BP,GOBP_REGULATION_OF_RESPONSE_TO_BIOTIC_STIMULUS,Ddx39a,Ddx39
GO_BP,GOBP_REGULATION_OF_RESPONSE_TO_BIOTIC_STIMULUS,Rigi,Ddx58
GO_BP,GOBP_REGULATION_OF_RESPONSE_TO_BIOTIC_STIMULUS,Skp1,Skp1a
GO_BP,GOBP_REGULATION_OF_RESPONSE_TO_CYTOKINE_STIMULUS,Rigi,Ddx58
GO_BP,GOBP_REGULATION_OF_RESPONSE_TO_EXTERNAL_STIMULUS,Ddx39a,Ddx39
GO_BP,GOBP_REGULATION_OF_RESPONSE_TO_EXTERNAL_STIMULUS,Rigi,Ddx58
GO_BP,GOBP_REGULATION_OF_RESPONSE_TO_EXTERNAL_STIMULUS,Skp1,Skp1a
GO_BP,GOBP_REGULATION_OF_RESPONSE_TO_STRESS,Ddx39a,Ddx39
GO_BP,GOBP_REGULATION_OF_RESPONSE_TO_STRESS,Rigi,Ddx58
GO_BP,GOBP_REGULATION_OF_RESPONSE_TO_STRESS,Skp1,Skp1a
GO_BP,GOBP_REGULATION_OF_TRANSLATION,Niban1,Fam129a
GO_BP,GOBP_REGULATION_OF_TRANSMEMBRANE_RECEPTOR_PROTEIN_SERINE_THREONINE_KINASE_SIGNALING_PATHWAY,Pals1,Mpp5
GO_BP,GOBP_REGULATION_OF_TRANSMEMBRANE_RECEPTOR_PROTEIN_SERINE_THREONINE_KINASE_SIGNALING_PATHWAY,Skp1,Skp1a
GO_BP,GOBP_REGULATION_OF_TRANSPORT,Ddx39a,Ddx39
GO_BP,GOBP_REGULATION_OF_VASCULATURE_DEVELOPMENT,Wars1,Wars
GO_BP,GOBP_REGULATION_OF_XENOPHAGY,Skp1,Skp1a
GO_BP,GOBP_REPRODUCTIVE_PROCESS,Irag2,Lrmp
GO_BP,GOBP_RESPONSE_TO_ABIOTIC_STIMULUS,Ero1a,Ero1l
GO_BP,GOBP_RESPONSE_TO_ABIOTIC_STIMULUS,Myo15a,Myo15
GO_BP,GOBP_RESPONSE_TO_BMP,Skp1,Skp1a
GO_BP,GOBP_RESPONSE_TO_DSRNA,Rigi,Ddx58
GO_BP,GOBP_RESPONSE_TO_ENDOGENOUS_STIMULUS,Ero1a,Ero1l
GO_BP,GOBP_RESPONSE_TO_ENDOGENOUS_STIMULUS,Pals1,Mpp5
GO_BP,GOBP_RESPONSE_TO_ENDOGENOUS_STIMULUS,Skp1,Skp1a
GO_BP,GOBP_RESPONSE_TO_ENDOPLASMIC_RETICULUM_STRESS,Ero1a,Ero1l
GO_BP,GOBP_RESPONSE_TO_ENDOPLASMIC_RETICULUM_STRESS,Niban1,Fam129a
GO_BP,GOBP_RESPONSE_TO_GROWTH_FACTOR,Ero1a,Ero1l
GO_BP,GOBP_RESPONSE_TO_GROWTH_FACTOR,Pals1,Mpp5
GO_BP,GOBP_RESPONSE_TO_GROWTH_FACTOR,Skp1,Skp1a
GO_BP,GOBP_RESPONSE_TO_LIGHT_STIMULUS,Myo15a,Myo15
GO_BP,GOBP_RESPONSE_TO_NITROGEN_COMPOUND,Rigi,Ddx58
GO_BP,GOBP_RESPONSE_TO_OXIDATIVE_STRESS,Ero1a,Ero1l
GO_BP,GOBP_RESPONSE_TO_OXYGEN_LEVELS,Ero1a,Ero1l
GO_BP,GOBP_RESPONSE_TO_PEPTIDE,Rigi,Ddx58
GO_BP,GOBP_RESPONSE_TO_RADIATION,Myo15a,Myo15
GO_BP,GOBP_RESPONSE_TO_TEMPERATURE_STIMULUS,Ero1a,Ero1l
GO_BP,GOBP_RESPONSE_TO_TOPOLOGICALLY_INCORRECT_PROTEIN,Ero1a,Ero1l
GO_BP,GOBP_RESPONSE_TO_TRANSFORMING_GROWTH_FACTOR_BETA,Ero1a,Ero1l
GO_BP,GOBP_RESPONSE_TO_TRANSFORMING_GROWTH_FACTOR_BETA,Pals1,Mpp5
GO_BP,GOBP_RESPONSE_TO_VIRUS,Rigi,Ddx58
GO_BP,GOBP_RHYTHMIC_PROCESS,Skp1,Skp1a
GO_BP,GOBP_RIG_I_SIGNALING_PATHWAY,Rigi,Ddx58
GO_BP,GOBP_RNA_EXPORT_FROM_NUCLEUS,Ddx39a,Ddx39
GO_BP,GOBP_RNA_LOCALIZATION,Ddx39a,Ddx39
GO_BP,GOBP_RNA_PROCESSING,Ddx39a,Ddx39
GO_BP,GOBP_RNA_SPLICING,Ddx39a,Ddx39
GO_BP,GOBP_RNA_SPLICING_VIA_TRANSESTERIFICATION_REACTIONS,Ddx39a,Ddx39
GO_BP,GOBP_RRNA_METABOLIC_PROCESS,Polr1h,Znrd1
GO_BP,GOBP_RRNA_TRANSCRIPTION,Polr1h,Znrd1
GO_BP,GOBP_SCF_DEPENDENT_PROTEASOMAL_UBIQUITIN_DEPENDENT_PROTEIN_CATABOLIC_PROCESS,Skp1,Skp1a
GO_BP,GOBP_SCHWANN_CELL_DIFFERENTIATION,Pals1,Mpp5
GO_BP,GOBP_SENSORY_ORGAN_DEVELOPMENT,Myo15a,Myo15
GO_BP,GOBP_SENSORY_ORGAN_MORPHOGENESIS,Myo15a,Myo15
GO_BP,GOBP_SENSORY_PERCEPTION,Myo15a,Myo15
GO_BP,GOBP_SENSORY_PERCEPTION_OF_MECHANICAL_STIMULUS,Myo15a,Myo15
GO_BP,GOBP_SEQUESTERING_OF_CALCIUM_ION,Ero1a,Ero1l
GO_BP,GOBP_SEXUAL_REPRODUCTION,Irag2,Lrmp
GO_BP,GOBP_SIGNAL_TRANSDUCTION_IN_RESPONSE_TO_DNA_DAMAGE,Skp1,Skp1a
GO_BP,GOBP_SINGLE_FERTILIZATION,Irag2,Lrmp
GO_BP,GOBP_SKELETAL_MUSCLE_ORGAN_DEVELOPMENT,Ero1a,Ero1l
GO_BP,GOBP_SMALL_MOLECULE_METABOLIC_PROCESS,Ero1a,Ero1l
GO_BP,GOBP_SMALL_MOLECULE_METABOLIC_PROCESS,Gfus,Tsta3
GO_BP,GOBP_STEM_CELL_DIFFERENTIATION,Skp1,Skp1a
GO_BP,GOBP_SUPRAMOLECULAR_FIBER_ORGANIZATION,Myo15a,Myo15
GO_BP,GOBP_SYNAPSE_ASSEMBLY,Skp1,Skp1a
GO_BP,GOBP_SYNAPSE_ORGANIZATION,Skp1,Skp1a
GO_BP,GOBP_SYNAPTIC_ASSEMBLY_AT_NEUROMUSCULAR_JUNCTION,Skp1,Skp1a
GO_BP,GOBP_T_CELL_MEDIATED_CYTOTOXICITY,Gfus,Tsta3
GO_BP,GOBP_T_CELL_MEDIATED_IMMUNITY,Gfus,Tsta3
GO_BP,GOBP_TELENCEPHALON_DEVELOPMENT,Pals1,Mpp5
GO_BP,GOBP_TERMINATION_OF_RNA_POLYMERASE_I_TRANSCRIPTION,Polr1h,Znrd1
GO_BP,GOBP_TISSUE_MORPHOGENESIS,Pals1,Mpp5
GO_BP,GOBP_TOR_SIGNALING,Skp1,Skp1a
GO_BP,GOBP_TRANSCRIPTION_BY_RNA_POLYMERASE_I,Polr1h,Znrd1
GO_BP,GOBP_TRANSCRIPTION_ELONGATION_BY_RNA_POLYMERASE_I,Polr1h,Znrd1
GO_BP,GOBP_TRANSCRIPTION_INITIATION_AT_RNA_POLYMERASE_I_PROMOTER,Polr1h,Znrd1
GO_BP,GOBP_TRANSFORMING_GROWTH_FACTOR_BETA_RECEPTOR_SIGNALING_PATHWAY,Ero1a,Ero1l
GO_BP,GOBP_TRANSFORMING_GROWTH_FACTOR_BETA_RECEPTOR_SIGNALING_PATHWAY,Pals1,Mpp5
GO_BP,GOBP_TRANSLATION,Niban1,Fam129a
GO_BP,GOBP_TRANSLATION,Wars1,Wars
GO_BP,GOBP_TRANSMEMBRANE_TRANSPORT,Ero1a,Ero1l
GO_BP,GOBP_TRNA_METABOLIC_PROCESS,Wars1,Wars
GO_BP,GOBP_TUBE_DEVELOPMENT,Wars1,Wars
GO_BP,GOBP_TUBE_MORPHOGENESIS,Wars1,Wars
GO_BP,GOBP_TUMOR_NECROSIS_FACTOR_SUPERFAMILY_CYTOKINE_PRODUCTION,Rigi,Ddx58
GO_BP,GOBP_TYPE_I_INTERFERON_PRODUCTION,Rigi,Ddx58
GO_BP,GOBP_TYPE_III_INTERFERON_PRODUCTION,Rigi,Ddx58
GO_BP,GOBP_VASCULATURE_DEVELOPMENT,Wars1,Wars
GO_BP,GOBP_VESICLE_LOCALIZATION,Irag2,Lrmp
GO_BP,GOBP_VESICLE_MEDIATED_TRANSPORT,Irag2,Lrmp
GO_BP,GOBP_VESICLE_MEDIATED_TRANSPORT,Myo15a,Myo15
GO_BP,GOBP_VESICLE_ORGANIZATION,Irag2,Lrmp
GO_BP,GOBP_VESICLE_TARGETING,Irag2,Lrmp
GO_BP,GOBP_XENOPHAGY,Skp1,Skp1a
GO_MF,GOMF_ACTIN_BINDING,Myo15a,Myo15
GO_MF,GOMF_ACTIN_FILAMENT_BINDING,Myo15a,Myo15
GO_MF,GOMF_ADENYL_NUCLEOTIDE_BINDING,Ddx39a,Ddx39
GO_MF,GOMF_ADENYL_NUCLEOTIDE_BINDING,Myo15a,Myo15
GO_MF,GOMF_ADENYL_NUCLEOTIDE_BINDING,Pals1,Mpp5
GO_MF,GOMF_ADENYL_NUCLEOTIDE_BINDING,Rigi,Ddx58
GO_MF,GOMF_ADENYL_NUCLEOTIDE_BINDING,Wars1,Wars
GO_MF,GOMF_ATP_DEPENDENT_ACTIVITY,Ddx39a,Ddx39
GO_MF,GOMF_ATP_DEPENDENT_ACTIVITY,Myo15a,Myo15
GO_MF,GOMF_ATP_DEPENDENT_ACTIVITY,Rigi,Ddx58
GO_MF,GOMF_ATP_DEPENDENT_ACTIVITY_ACTING_ON_RNA,Ddx39a,Ddx39
GO_MF,GOMF_ATP_DEPENDENT_ACTIVITY_ACTING_ON_RNA,Rigi,Ddx58
GO_MF,GOMF_ATP_HYDROLYSIS_ACTIVITY,Ddx39a,Ddx39
GO_MF,GOMF_ATP_HYDROLYSIS_ACTIVITY,Rigi,Ddx58
GO_MF,GOMF_BETA_CATENIN_BINDING,Skp1,Skp1a
GO_MF,GOMF_CALMODULIN_BINDING,Myo15a,Myo15
GO_MF,GOMF_CATALYTIC_ACTIVITY_ACTING_ON_A_NUCLEIC_ACID,Ddx39a,Ddx39
GO_MF,GOMF_CATALYTIC_ACTIVITY_ACTING_ON_A_NUCLEIC_ACID,Polr1h,Znrd1
GO_MF,GOMF_CATALYTIC_ACTIVITY_ACTING_ON_A_NUCLEIC_ACID,Rigi,Ddx58
GO_MF,GOMF_CATALYTIC_ACTIVITY_ACTING_ON_A_NUCLEIC_ACID,Wars1,Wars
GO_MF,GOMF_CATALYTIC_ACTIVITY_ACTING_ON_A_TRNA,Wars1,Wars
GO_MF,GOMF_CATALYTIC_ACTIVITY_ACTING_ON_RNA,Ddx39a,Ddx39
GO_MF,GOMF_CATALYTIC_ACTIVITY_ACTING_ON_RNA,Polr1h,Znrd1
GO_MF,GOMF_CATALYTIC_ACTIVITY_ACTING_ON_RNA,Rigi,Ddx58
GO_MF,GOMF_CATALYTIC_ACTIVITY_ACTING_ON_RNA,Wars1,Wars
GO_MF,GOMF_CULLIN_FAMILY_PROTEIN_BINDING,Skp1,Skp1a
GO_MF,GOMF_CYTOSKELETAL_MOTOR_ACTIVITY,Myo15a,Myo15
GO_MF,GOMF_CYTOSKELETAL_PROTEIN_BINDING,Irag2,Lrmp
GO_MF,GOMF_CYTOSKELETAL_PROTEIN_BINDING,Myo15a,Myo15
GO_MF,GOMF_DISULFIDE_OXIDOREDUCTASE_ACTIVITY,Ero1a,Ero1l
GO_MF,GOMF_DOUBLE_STRANDED_RNA_BINDING,Rigi,Ddx58
GO_MF,GOMF_ELECTRON_TRANSFER_ACTIVITY,Gfus,Tsta3
GO_MF,GOMF_ENZYME_ACTIVATOR_ACTIVITY,Skp1,Skp1a
GO_MF,GOMF_ENZYME_REGULATOR_ACTIVITY,Skp1,Skp1a
GO_MF,GOMF_ENZYME_SUBSTRATE_ADAPTOR_ACTIVITY,Skp1,Skp1a
GO_MF,GOMF_FAD_BINDING,Ero1a,Ero1l
GO_MF,GOMF_FLAVIN_ADENINE_DINUCLEOTIDE_BINDING,Ero1a,Ero1l
GO_MF,GOMF_GUANYL_NUCLEOTIDE_BINDING,Rigi,Ddx58
GO_MF,GOMF_HYDROLASE_ACTIVITY_ACTING_ON_ACID_ANHYDRIDES,Ddx39a,Ddx39
GO_MF,GOMF_HYDROLASE_ACTIVITY_ACTING_ON_ACID_ANHYDRIDES,Rigi,Ddx58
GO_MF,GOMF_ISOMERASE_ACTIVITY,Ddx39a,Ddx39
GO_MF,GOMF_ISOMERASE_ACTIVITY,Gfus,Tsta3
GO_MF,GOMF_ISOMERASE_ACTIVITY,Myo15a,Myo15
GO_MF,GOMF_ISOMERASE_ACTIVITY,Rigi,Ddx58
GO_MF,GOMF_KINASE_BINDING,Wars1,Wars
GO_MF,GOMF_LIGASE_ACTIVITY,Wars1,Wars
GO_MF,GOMF_LIGASE_ACTIVITY_FORMING_CARBON_OXYGEN_BONDS,Wars1,Wars
GO_MF,GOMF_MACROMOLECULAR_CONFORMATION_ISOMERASE_ACTIVITY,Ddx39a,Ddx39
GO_MF,GOMF_MACROMOLECULAR_CONFORMATION_ISOMERASE_ACTIVITY,Myo15a,Myo15
GO_MF,GOMF_MACROMOLECULAR_CONFORMATION_ISOMERASE_ACTIVITY,Rigi,Ddx58
GO_MF,GOMF_MICROFILAMENT_MOTOR_ACTIVITY,Myo15a,Myo15
GO_MF,GOMF_MICROTUBULE_BINDING,Irag2,Lrmp
GO_MF,GOMF_MOLECULAR_ADAPTOR_ACTIVITY,Skp1,Skp1a
GO_MF,GOMF_MOLECULAR_ADAPTOR_ACTIVITY,Wars1,Wars
GO_MF,GOMF_MOLECULAR_FUNCTION_ACTIVATOR_ACTIVITY,Skp1,Skp1a
GO_MF,GOMF_MOLECULAR_TRANSDUCER_ACTIVITY,Rigi,Ddx58
GO_MF,GOMF_MRNA_BINDING,Ddx39a,Ddx39
GO_MF,GOMF_NUCLEIC_ACID_CONFORMATION_ISOMERASE_ACTIVITY,Ddx39a,Ddx39
GO_MF,GOMF_NUCLEIC_ACID_CONFORMATION_ISOMERASE_ACTIVITY,Rigi,Ddx58
GO_MF,GOMF_NUCLEOTIDYLTRANSFERASE_ACTIVITY,Polr1h,Znrd1
GO_MF,GOMF_OXIDOREDUCTASE_ACTIVITY,Ero1a,Ero1l
GO_MF,GOMF_OXIDOREDUCTASE_ACTIVITY,Gfus,Tsta3
GO_MF,GOMF_OXIDOREDUCTASE_ACTIVITY_ACTING_ON_A_SULFUR_GROUP_OF_DONORS,Ero1a,Ero1l
GO_MF,GOMF_OXIDOREDUCTASE_ACTIVITY_ACTING_ON_A_SULFUR_GROUP_OF_DONORS_OXYGEN_AS_ACCEPTOR,Ero1a,Ero1l
GO_MF,GOMF_OXIDOREDUCTASE_ACTIVITY_ACTING_ON_CH_OH_GROUP_OF_DONORS,Gfus,Tsta3
GO_MF,GOMF_PATTERN_RECOGNITION_RECEPTOR_ACTIVITY,Rigi,Ddx58
GO_MF,GOMF_POLYPEPTIDE_CONFORMATION_OR_ASSEMBLY_ISOMERASE_ACTIVITY,Myo15a,Myo15
GO_MF,GOMF_PROTEIN_CONTAINING_COMPLEX_BINDING,Myo15a,Myo15
GO_MF,GOMF_PROTEIN_DIMERIZATION_ACTIVITY,Wars1,Wars
GO_MF,GOMF_PROTEIN_DISULFIDE_REDUCTASE_ACTIVITY,Ero1a,Ero1l
GO_MF,GOMF_PROTEIN_DOMAIN_SPECIFIC_BINDING,Pals1,Mpp5
GO_MF,GOMF_PROTEIN_DOMAIN_SPECIFIC_BINDING,Skp1,Skp1a
GO_MF,GOMF_PROTEIN_DOMAIN_SPECIFIC_BINDING,Wars1,Wars
GO_MF,GOMF_PROTEIN_HOMODIMERIZATION_ACTIVITY,Wars1,Wars
GO_MF,GOMF_PURINE_NUCLEOTIDE_BINDING,Ddx39a,Ddx39
GO_MF,GOMF_PURINE_NUCLEOTIDE_BINDING,Myo15a,Myo15
GO_MF,GOMF_PURINE_NUCLEOTIDE_BINDING,Pals1,Mpp5
GO_MF,GOMF_PURINE_NUCLEOTIDE_BINDING,Rigi,Ddx58
GO_MF,GOMF_PURINE_NUCLEOTIDE_BINDING,Wars1,Wars
GO_MF,GOMF_RACEMASE_AND_EPIMERASE_ACTIVITY,Gfus,Tsta3
GO_MF,GOMF_RACEMASE_AND_EPIMERASE_ACTIVITY_ACTING_ON_CARBOHYDRATES_AND_DERIVATIVES,Gfus,Tsta3
GO_MF,GOMF_RNA_POLYMERASE_ACTIVITY,Polr1h,Znrd1
GO_MF,GOMF_SINGLE_STRANDED_RNA_BINDING,Rigi,Ddx58
GO_MF,GOMF_THIOL_OXIDASE_ACTIVITY,Ero1a,Ero1l
GO_MF,GOMF_TRANSFERASE_ACTIVITY_TRANSFERRING_PHOSPHORUS_CONTAINING_GROUPS,Polr1h,Znrd1
GO_MF,GOMF_TUBULIN_BINDING,Irag2,Lrmp
GO_MF,GOMF_UBIQUITIN_LIGASE_ACTIVATOR_ACTIVITY,Skp1,Skp1a
GO_MF,GOMF_UBIQUITIN_LIGASE_COMPLEX_SCAFFOLD_ACTIVITY,Skp1,Skp1a
GO_MF,GOMF_UBIQUITIN_LIKE_LIGASE_SUBSTRATE_ADAPTOR_ACTIVITY,Skp1,Skp1a
GO_MF,GOMF_UBIQUITIN_LIKE_PROTEIN_LIGASE_BINDING,Rigi,Ddx58
GO_MF,GOMF_UBIQUITIN_PROTEIN_TRANSFERASE_ACTIVATOR_ACTIVITY,Skp1,Skp1a
GO_MF,GOMF_UBIQUITIN_PROTEIN_TRANSFERASE_REGULATOR_ACTIVITY,Skp1,Skp1a
GO_CC,GOCC_ACTIN_BASED_CELL_PROJECTION,Myo15a,Myo15
GO_CC,GOCC_ACTIN_CYTOSKELETON,Myo15a,Myo15
GO_CC,GOCC_ACTIN_CYTOSKELETON,Rigi,Ddx58
GO_CC,GOCC_ADHERENS_JUNCTION,Pals1,Mpp5
GO_CC,GOCC_ANCHORING_JUNCTION,Pals1,Mpp5
GO_CC,GOCC_ANCHORING_JUNCTION,Rigi,Ddx58
GO_CC,GOCC_APICAL_JUNCTION_COMPLEX,Pals1,Mpp5
GO_CC,GOCC_APICAL_JUNCTION_COMPLEX,Rigi,Ddx58
GO_CC,GOCC_APICAL_PART_OF_CELL,Pals1,Mpp5
GO_CC,GOCC_APICAL_PLASMA_MEMBRANE,Pals1,Mpp5
GO_CC,GOCC_AXON,Pals1,Mpp5
GO_CC,GOCC_AZUROPHIL_GRANULE,Irag2,Lrmp
GO_CC,GOCC_AZUROPHIL_GRANULE_MEMBRANE,Irag2,Lrmp
GO_CC,GOCC_CELL_BODY,Pals1,Mpp5
GO_CC,GOCC_CELL_CELL_JUNCTION,Pals1,Mpp5
GO_CC,GOCC_CELL_CELL_JUNCTION,Rigi,Ddx58
GO_CC,GOCC_CELL_LEADING_EDGE,Rigi,Ddx58
GO_CC,GOCC_CELL_PROJECTION_MEMBRANE,Rigi,Ddx58
GO_CC,GOCC_CENTROSOME,Irag2,Lrmp
GO_CC,GOCC_CENTROSOME,Skp1,Skp1a
GO_CC,GOCC_CHROMATIN,Skp1,Skp1a
GO_CC,GOCC_CLUSTER_OF_ACTIN_BASED_CELL_PROJECTIONS,Myo15a,Myo15
GO_CC,GOCC_COMPACT_MYELIN,Pals1,Mpp5
GO_CC,GOCC_CUL7_RING_UBIQUITIN_LIGASE_COMPLEX,Skp1,Skp1a
GO_CC,GOCC_CULLIN_RING_UBIQUITIN_LIGASE_COMPLEX,Skp1,Skp1a
GO_CC,GOCC_DENDRITIC_TREE,Ero1a,Ero1l
GO_CC,GOCC_ENDOPLASMIC_RETICULUM_GOLGI_INTERMEDIATE_COMPARTMENT,Pals1,Mpp5
GO_CC,GOCC_ENDOPLASMIC_RETICULUM_GOLGI_INTERMEDIATE_COMPARTMENT_MEMBRANE,Pals1,Mpp5
GO_CC,GOCC_ENDOPLASMIC_RETICULUM_LUMEN,Ero1a,Ero1l
GO_CC,GOCC_FIBRILLAR_CENTER,Polr1h,Znrd1
GO_CC,GOCC_GOLGI_APPARATUS,Ero1a,Ero1l
GO_CC,GOCC_GOLGI_APPARATUS,Pals1,Mpp5
GO_CC,GOCC_GOLGI_LUMEN,Ero1a,Ero1l
GO_CC,GOCC_INTRACELLULAR_PROTEIN_CONTAINING_COMPLEX,Polr1h,Znrd1
GO_CC,GOCC_INTRACELLULAR_PROTEIN_CONTAINING_COMPLEX,Skp1,Skp1a
GO_CC,GOCC_LEADING_EDGE_MEMBRANE,Rigi,Ddx58
GO_CC,GOCC_MEMBRANE_PROTEIN_COMPLEX,Irag2,Lrmp
GO_CC,GOCC_MICROTUBULE_CYTOSKELETON,Irag2,Lrmp
GO_CC,GOCC_MICROTUBULE_CYTOSKELETON,Skp1,Skp1a
GO_CC,GOCC_MICROTUBULE_ORGANIZING_CENTER,Irag2,Lrmp
GO_CC,GOCC_MICROTUBULE_ORGANIZING_CENTER,Skp1,Skp1a
GO_CC,GOCC_MICROTUBULE_ORGANIZING_CENTER_ATTACHMENT_SITE,Irag2,Lrmp
GO_CC,GOCC_MYELIN_SHEATH,Pals1,Mpp5
GO_CC,GOCC_MYELIN_SHEATH_ADAXONAL_REGION,Pals1,Mpp5
GO_CC,GOCC_MYOSIN_COMPLEX,Myo15a,Myo15
GO_CC,GOCC_NEURON_PROJECTION,Ero1a,Ero1l
GO_CC,GOCC_NEURON_PROJECTION,Myo15a,Myo15
GO_CC,GOCC_NEURON_PROJECTION,Pals1,Mpp5
GO_CC,GOCC_NUCLEAR_ENVELOPE,Irag2,Lrmp
GO_CC,GOCC_NUCLEAR_OUTER_MEMBRANE_ENDOPLASMIC_RETICULUM_MEMBRANE_NETWORK,Ero1a,Ero1l
GO_CC,GOCC_NUCLEAR_OUTER_MEMBRANE_ENDOPLASMIC_RETICULUM_MEMBRANE_NETWORK,Irag2,Lrmp
GO_CC,GOCC_NUCLEAR_PROTEIN_CONTAINING_COMPLEX,Ddx39a,Ddx39
GO_CC,GOCC_NUCLEAR_PROTEIN_CONTAINING_COMPLEX,Irag2,Lrmp
GO_CC,GOCC_NUCLEAR_PROTEIN_CONTAINING_COMPLEX,Polr1h,Znrd1
GO_CC,GOCC_NUCLEAR_PROTEIN_CONTAINING_COMPLEX,Skp1,Skp1a
GO_CC,GOCC_NUCLEAR_UBIQUITIN_LIGASE_COMPLEX,Skp1,Skp1a
GO_CC,GOCC_NUCLEOLUS,Polr1h,Znrd1
GO_CC,GOCC_ORGANELLE_ENVELOPE,Irag2,Lrmp
GO_CC,GOCC_ORGANELLE_SUBCOMPARTMENT,Ero1a,Ero1l
GO_CC,GOCC_ORGANELLE_SUBCOMPARTMENT,Irag2,Lrmp
GO_CC,GOCC_PCG_PROTEIN_COMPLEX,Skp1,Skp1a
GO_CC,GOCC_PERIKARYON,Pals1,Mpp5
GO_CC,GOCC_PLASMA_MEMBRANE_REGION,Pals1,Mpp5
GO_CC,GOCC_PLASMA_MEMBRANE_REGION,Rigi,Ddx58
GO_CC,GOCC_PRC1_COMPLEX,Skp1,Skp1a
GO_CC,GOCC_RIBONUCLEOPROTEIN_COMPLEX,Rigi,Ddx58
GO_CC,GOCC_RNA_POLYMERASE_COMPLEX,Polr1h,Znrd1
GO_CC,GOCC_RNA_POLYMERASE_I_COMPLEX,Polr1h,Znrd1
GO_CC,GOCC_RUFFLE,Rigi,Ddx58
GO_CC,GOCC_RUFFLE_MEMBRANE,Rigi,Ddx58
GO_CC,GOCC_SCF_UBIQUITIN_LIGASE_COMPLEX,Skp1,Skp1a
GO_CC,GOCC_SCHMIDT_LANTERMAN_INCISURE,Pals1,Mpp5
GO_CC,GOCC_SECRETORY_GRANULE,Irag2,Lrmp
GO_CC,GOCC_SECRETORY_GRANULE_MEMBRANE,Irag2,Lrmp
GO_CC,GOCC_SECRETORY_VESICLE,Irag2,Lrmp
GO_CC,GOCC_SOMATODENDRITIC_COMPARTMENT,Ero1a,Ero1l
GO_CC,GOCC_SOMATODENDRITIC_COMPARTMENT,Pals1,Mpp5
GO_CC,GOCC_SPINDLE,Irag2,Lrmp
GO_CC,GOCC_SPINDLE_POLE,Irag2,Lrmp
GO_CC,GOCC_STEREOCILIUM_BUNDLE,Myo15a,Myo15
GO_CC,GOCC_TIGHT_JUNCTION,Pals1,Mpp5
GO_CC,GOCC_TIGHT_JUNCTION,Rigi,Ddx58
GO_CC,GOCC_TRANSCRIPTION_EXPORT_COMPLEX,Ddx39a,Ddx39
GO_CC,GOCC_TRANSFERASE_COMPLEX,Polr1h,Znrd1
GO_CC,GOCC_TRANSFERASE_COMPLEX,Skp1,Skp1a
GO_CC,GOCC_TRANSFERASE_COMPLEX_TRANSFERRING_PHOSPHORUS_CONTAINING_GROUPS,Polr1h,Znrd1
GO_CC,GOCC_UBIQUITIN_LIGASE_COMPLEX,Skp1,Skp1a
GO_CC,GOCC_VACUOLAR_MEMBRANE,Irag2,Lrmp
GO_CC,GOCC_VACUOLE,Irag2,Lrmp
GO_CC,GOCC_VESICLE_MEMBRANE,Irag2,Lrmp
TF_Targets,ADA2_TARGET_GENES,Hycc2,Fam126b
TF_Targets,ADA2_TARGET_GENES,Wars1,Wars
TF_Targets,ADNP_TARGET_GENES,Myo15a,Myo15
TF_Targets,ARNT2_TARGET_GENES,Skp1,Skp1a
TF_Targets,ASH1L_TARGET_GENES,Ddx39a,Ddx39
TF_Targets,ASH1L_TARGET_GENES,Hycc2,Fam126b
TF_Targets,ASH1L_TARGET_GENES,Wars1,Wars
TF_Targets,BARX1_TARGET_GENES,Hycc2,Fam126b
TF_Targets,BARX2_TARGET_GENES,Ddx39a,Ddx39
TF_Targets,BDP1_TARGET_GENES,Wars1,Wars
TF_Targets,BPTF_TARGET_GENES,Skp1,Skp1a
TF_Targets,CDC73_TARGET_GENES,Niban1,Fam129a
TF_Targets,CEBPZ_TARGET_GENES,Ddx39a,Ddx39
TF_Targets,CHAF1B_TARGET_GENES,Skp1,Skp1a
TF_Targets,CIC_TARGET_GENES,Hycc2,Fam126b
TF_Targets,CIC_TARGET_GENES,Wars1,Wars
TF_Targets,CREB3_TARGET_GENES,Myo15a,Myo15
TF_Targets,CREB3L4_TARGET_GENES,Rigi,Ddx58
TF_Targets,DACH1_TARGET_GENES,Myo15a,Myo15
TF_Targets,DACH1_TARGET_GENES,Skp1,Skp1a
TF_Targets,DBP_TARGET_GENES,Hycc2,Fam126b
TF_Targets,DIDO1_TARGET_GENES,Hycc2,Fam126b
TF_Targets,DIDO1_TARGET_GENES,Polr1h,Znrd1
TF_Targets,DIDO1_TARGET_GENES,Wars1,Wars
TF_Targets,DLX4_TARGET_GENES,Hycc2,Fam126b
TF_Targets,DLX4_TARGET_GENES,Polr1h,Znrd1
TF_Targets,DLX6_TARGET_GENES,Skp1,Skp1a
TF_Targets,DLX6_TARGET_GENES,Wars1,Wars
TF_Targets,DMRT1_TARGET_GENES,Hycc2,Fam126b
TF_Targets,DMRT1_TARGET_GENES,Wars1,Wars
TF_Targets,E2F2_TARGET_GENES,Ddx39a,Ddx39
TF_Targets,E2F2_TARGET_GENES,Skp1,Skp1a
TF_Targets,E2F5_TARGET_GENES,Gfus,Tsta3
TF_Targets,EBNA1BP2_TARGET_GENES,Irag2,Lrmp
TF_Targets,ELF2_TARGET_GENES,Ddx39a,Ddx39
TF_Targets,ELF2_TARGET_GENES,Hycc2,Fam126b
TF_Targets,FOXD2_TARGET_GENES,Ddx39a,Ddx39
TF_Targets,FOXN3_TARGET_GENES,Polr1h,Znrd1
TF_Targets,FOXN3_TARGET_GENES,Wars1,Wars
TF_Targets,FXR1_TARGET_GENES,Skp1,Skp1a
TF_Targets,GTF2A2_TARGET_GENES,Skp1,Skp1a
TF_Targets,GTF2E2_TARGET_GENES,Skp1,Skp1a
TF_Targets,HDAC4_TARGET_GENES,Irag2,Lrmp
TF_Targets,HES2_TARGET_GENES,Niban1,Fam129a
TF_Targets,HES4_TARGET_GENES,Ddx39a,Ddx39
TF_Targets,HHEX_TARGET_GENES,Niban1,Fam129a
TF_Targets,HMG20B_TARGET_GENES,Wars1,Wars
TF_Targets,HMGB2_TARGET_GENES,Hycc2,Fam126b
TF_Targets,HMGB2_TARGET_GENES,Skp1,Skp1a
TF_Targets,HSF2_TARGET_GENES,Rigi,Ddx58
TF_Targets,ID2_TARGET_GENES,Hycc2,Fam126b
TF_Targets,IGLV5_37_TARGET_GENES,Niban1,Fam129a
TF_Targets,INSM2_TARGET_GENES,Wars1,Wars
TF_Targets,IRF5_TARGET_GENES,Irag2,Lrmp
TF_Targets,IRF5_TARGET_GENES,Skp1,Skp1a
TF_Targets,KAT2A_TARGET_GENES,Skp1,Skp1a
TF_Targets,KAT2A_TARGET_GENES,Wars1,Wars
TF_Targets,KMT2D_TARGET_GENES,Pals1,Mpp5
TF_Targets,LHX2_TARGET_GENES,Skp1,Skp1a
TF_Targets,LHX9_TARGET_GENES,Hycc2,Fam126b
TF_Targets,LHX9_TARGET_GENES,Polr1h,Znrd1
TF_Targets,LHX9_TARGET_GENES,Wars1,Wars
TF_Targets,MAFG_TARGET_GENES,Skp1,Skp1a
TF_Targets,MAML1_TARGET_GENES,Irag2,Lrmp
TF_Targets,MEF2C_TARGET_GENES,Irag2,Lrmp
TF_Targets,MEF2C_TARGET_GENES,Niban1,Fam129a
TF_Targets,MEF2C_TARGET_GENES,Rigi,Ddx58
TF_Targets,MYOCD_TARGET_GENES,Skp1,Skp1a
TF_Targets,MZF1_TARGET_GENES,Wars1,Wars
TF_Targets,NAB2_TARGET_GENES,Ero1a,Ero1l
TF_Targets,NCOA2_TARGET_GENES,Skp1,Skp1a
TF_Targets,NCOA4_TARGET_GENES,Wars1,Wars
TF_Targets,NCOA6_TARGET_GENES,Niban1,Fam129a
TF_Targets,NFE2L1_TARGET_GENES,Gfus,Tsta3
TF_Targets,NFE2L1_TARGET_GENES,Hycc2,Fam126b
TF_Targets,NFE2L1_TARGET_GENES,Skp1,Skp1a
TF_Targets,NFKBIA_TARGET_GENES,Myo15a,Myo15
TF_Targets,NKX2_2_TARGET_GENES,Pals1,Mpp5
TF_Targets,NKX2_2_TARGET_GENES,Rigi,Ddx58
TF_Targets,NKX2_2_TARGET_GENES,Skp1,Skp1a
TF_Targets,NKX2_2_TARGET_GENES,Wars1,Wars
TF_Targets,NKX2_3_TARGET_GENES,Myo15a,Myo15
TF_Targets,NKX2_3_TARGET_GENES,Wars1,Wars
TF_Targets,NKX2_5_TARGET_GENES,Hycc2,Fam126b
TF_Targets,NOTCH3_TARGET_GENES,Wars1,Wars
TF_Targets,NPM1_TARGET_GENES,Gfus,Tsta3
TF_Targets,NPM1_TARGET_GENES,Polr1h,Znrd1
TF_Targets,NR1D1_TARGET_GENES,Hycc2,Fam126b
TF_Targets,NR1I2_TARGET_GENES,Ddx39a,Ddx39
TF_Targets,PAX3_TARGET_GENES,Wars1,Wars
TF_Targets,PAX6_TARGET_GENES,Polr1h,Znrd1
TF_Targets,PAX7_TARGET_GENES,Gfus,Tsta3
TF_Targets,PAX7_TARGET_GENES,Wars1,Wars
TF_Targets,PAX8_TARGET_GENES,Rigi,Ddx58
TF_Targets,PHF21A_TARGET_GENES,Pals1,Mpp5
TF_Targets,POU2AF1_TARGET_GENES,Irag2,Lrmp
TF_Targets,PRDM5_TARGET_GENES,Wars1,Wars
TF_Targets,PRKDC_TARGET_GENES,Ddx39a,Ddx39
TF_Targets,RAG1_TARGET_GENES,Irag2,Lrmp
TF_Targets,RAG1_TARGET_GENES,Skp1,Skp1a
TF_Targets,RFX7_TARGET_GENES,Hycc2,Fam126b
TF_Targets,RLF_TARGET_GENES,Hycc2,Fam126b
TF_Targets,RORA_TARGET_GENES,Hycc2,Fam126b
TF_Targets,RYBP_TARGET_GENES,Hycc2,Fam126b
TF_Targets,RYBP_TARGET_GENES,Pals1,Mpp5
TF_Targets,SALL4_TARGET_GENES,Ddx39a,Ddx39
TF_Targets,SFMBT1_TARGET_GENES,Gfus,Tsta3
TF_Targets,SFMBT1_TARGET_GENES,Hycc2,Fam126b
TF_Targets,SFMBT1_TARGET_GENES,Pals1,Mpp5
TF_Targets,SFMBT1_TARGET_GENES,Polr1h,Znrd1
TF_Targets,SFMBT1_TARGET_GENES,Wars1,Wars
TF_Targets,SKIL_TARGET_GENES,Hycc2,Fam126b
TF_Targets,SKIL_TARGET_GENES,Irag2,Lrmp
TF_Targets,SMN1_SMN2_TARGET_GENES,Hycc2,Fam126b
TF_Targets,SNAI1_TARGET_GENES,Polr1h,Znrd1
TF_Targets,SNIP1_TARGET_GENES,Gfus,Tsta3
TF_Targets,SNIP1_TARGET_GENES,Polr1h,Znrd1
TF_Targets,SRSF9_TARGET_GENES,Irag2,Lrmp
TF_Targets,SRSF9_TARGET_GENES,Niban1,Fam129a
TF_Targets,SUMO1_TARGET_GENES,Hycc2,Fam126b
TF_Targets,SUPT16H_TARGET_GENES,Ddx39a,Ddx39
TF_Targets,SUPT20H_TARGET_GENES,Hycc2,Fam126b
TF_Targets,SUPT20H_TARGET_GENES,Polr1h,Znrd1
TF_Targets,TAF9B_TARGET_GENES,Polr1h,Znrd1
TF_Targets,TEAD2_TARGET_GENES,Polr1h,Znrd1
TF_Targets,TERF2_TARGET_GENES,Niban1,Fam129a
TF_Targets,TET1_TARGET_GENES,Wars1,Wars
TF_Targets,TFEB_TARGET_GENES,Ddx39a,Ddx39
TF_Targets,UBN1_TARGET_GENES,Polr1h,Znrd1
TF_Targets,UBN1_TARGET_GENES,Rigi,Ddx58
TF_Targets,UBN1_TARGET_GENES,Skp1,Skp1a
TF_Targets,ZBED5_TARGET_GENES,Ddx39a,Ddx39
TF_Targets,ZBTB12_TARGET_GENES,Polr1h,Znrd1
TF_Targets,ZC3H11A_TARGET_GENES,Hycc2,Fam126b
TF_Targets,ZFHX3_TARGET_GENES,Hycc2,Fam126b
TF_Targets,ZFHX3_TARGET_GENES,Rigi,Ddx58
TF_Targets,ZFP28_TARGET_GENES,Ddx39a,Ddx39
TF_Targets,ZFP3_TARGET_GENES,Wars1,Wars
TF_Targets,ZIM3_TARGET_GENES,Niban1,Fam129a
TF_Targets,ZNF134_TARGET_GENES,Niban1,Fam129a
TF_Targets,ZNF146_TARGET_GENES,Hycc2,Fam126b
TF_Targets,ZNF175_TARGET_GENES,Gfus,Tsta3
TF_Targets,ZNF197_TARGET_GENES,Gfus,Tsta3
TF_Targets,ZNF213_TARGET_GENES,Rigi,Ddx58
TF_Targets,ZNF257_TARGET_GENES,Niban1,Fam129a
TF_Targets,ZNF260_TARGET_GENES,Wars1,Wars
TF_Targets,ZNF30_TARGET_GENES,Hycc2,Fam126b
TF_Targets,ZNF30_TARGET_GENES,Polr1h,Znrd1
TF_Targets,ZNF30_TARGET_GENES,Wars1,Wars
TF_Targets,ZNF318_TARGET_GENES,Ddx39a,Ddx39
TF_Targets,ZNF318_TARGET_GENES,Ero1a,Ero1l
TF_Targets,ZNF322_TARGET_GENES,Pals1,Mpp5
TF_Targets,ZNF329_TARGET_GENES,Myo15a,Myo15
TF_Targets,ZNF394_TARGET_GENES,Ddx39a,Ddx39
TF_Targets,ZNF563_TARGET_GENES,Gfus,Tsta3
TF_Targets,ZNF581_TARGET_GENES,Skp1,Skp1a
TF_Targets,ZNF589_TARGET_GENES,Polr1h,Znrd1
TF_Targets,ZNF592_TARGET_GENES,Gfus,Tsta3
TF_Targets,ZNF597_TARGET_GENES,Irag2,Lrmp
TF_Targets,ZNF610_TARGET_GENES,Wars1,Wars
TF_Targets,ZNF618_TARGET_GENES,Polr1h,Znrd1
TF_Targets,ZNF660_TARGET_GENES,Polr1h,Znrd1
TF_Targets,ZNF660_TARGET_GENES,Wars1,Wars
TF_Targets,ZNF667_TARGET_GENES,Wars1,Wars
TF_Targets,ZNF680_TARGET_GENES,Myo15a,Myo15
TF_Targets,ZNF711_TARGET_GENES,Gfus,Tsta3
TF_Targets,ZNF711_TARGET_GENES,Hycc2,Fam126b
TF_Targets,ZNF711_TARGET_GENES,Skp1,Skp1a
TF_Targets,ZNF766_TARGET_GENES,Gfus,Tsta3
TF_Targets,ZNF766_TARGET_GENES,Wars1,Wars
TF_Targets,ZNF768_TARGET_GENES,Irag2,Lrmp
TF_Targets,ZNF784_TARGET_GENES,Hycc2,Fam126b
TF_Targets,ZNF8_TARGET_GENES,Gfus,Tsta3
TF_Targets,ZNF8_TARGET_GENES,Rigi,Ddx58
TF_Targets,ZNF816_TARGET_GENES,Irag2,Lrmp
TF_Targets,ZNF830_TARGET_GENES,Polr1h,Znrd1
TF_Targets,ZNF92_TARGET_GENES,Myo15a,Myo15
TF_Targets,ZNF92_TARGET_GENES,Wars1,Wars
TF_Targets,ZSCAN2_TARGET_GENES,Skp1,Skp1a
TF_Targets,ZSCAN30_TARGET_GENES,Gfus,Tsta3
TF_Targets,ZSCAN4_TARGET_GENES,Irag2,Lrmp
TF_Targets,ZSCAN4_TARGET_GENES,Skp1,Skp1a
TF_Targets,ZSCAN5DP_TARGET_GENES,Gfus,Tsta3
TF_Targets,ZZZ3_TARGET_GENES,Hycc2,Fam126b
TransportDB,TRANSPORTDB_F-ATPase,Atp5f1a,Atp5a1
TransportDB,TRANSPORTDB_F-ATPase,Atp5f1b,Atp5b
TransportDB,TRANSPORTDB_F-ATPase,Atp5f1c,Atp5c1
TransportDB,TRANSPORTDB_F-ATPase,Atp5f1d,Atp5d
TransportDB,TRANSPORTDB_F-ATPase,Atp5f1e,Atp5e
TransportDB,TRANSPORTDB_F-ATPase,Atp5mc1,Atp5g1
TransportDB,TRANSPORTDB_F-ATPase,Atp5mc2,Atp5g2
TransportDB,TRANSPORTDB_F-ATPase,Atp5mc3,Atp5g3
TransportDB,TRANSPORTDB_F-ATPase,Atp5pd,Atp5h
TransportDB,TRANSPORTDB_F-ATPase,Atp5po,Atp5o
TransportDB,TRANSPORTDB_IISP,Srpra,Srpr
TransportDB,TRANSPORTDB_Plasmolipin,Sypl1,Sypl
MitoPathways,MITOPATHWAYS_Metabolism,Antkmt,Fam173a
MitoPathways,MITOPATHWAYS_Metabolism.Nucleotide_metabolism,Antkmt,Fam173a
MitoPathways,MITOPATHWAYS_Mitochondrial_central_dogma,Gars1,Gars
MitoPathways,MITOPATHWAYS_Mitochondrial_central_dogma,Kars1,Kars
MitoPathways,MITOPATHWAYS_Mitochondrial_central_dogma.Translation,Gars1,Gars
MitoPathways,MITOPATHWAYS_Mitochondrial_central_dogma.Translation,Kars1,Kars
MitoPathways,MITOPATHWAYS_Mitochondrial_central_dogma.Translation.mt-tRNA_synthetases,Gars1,Gars
MitoPathways,MITOPATHWAYS_Mitochondrial_central_dogma.Translation.mt-tRNA_synthetases,Kars1,Kars
MitoPathways,MITOPATHWAYS_Mitochondrial_dynamics_and_surveillance,Atp5me,Atp5k
MitoPathways,MITOPATHWAYS_Mitochondrial_dynamics_and_surveillance,Atp5mg,Atp5l
MitoPathways,MITOPATHWAYS_Mitochondrial_dynamics_and_surveillance.Cristae_formation,Atp5me,Atp5k
MitoPathways,MITOPATHWAYS_Mitochondrial_dynamics_and_surveillance.Cristae_formation,Atp5mg,Atp5l
MitoPathways,MITOPATHWAYS_OXPHOS,Atp5f1a,Atp5a1
MitoPathways,MITOPATHWAYS_OXPHOS,Atp5f1b,Atp5b
MitoPathways,MITOPATHWAYS_OXPHOS,Atp5f1c,Atp5c1
MitoPathways,MITOPATHWAYS_OXPHOS,Atp5f1d,Atp5d
MitoPathways,MITOPATHWAYS_OXPHOS,Atp5f1e,Atp5e
MitoPathways,MITOPATHWAYS_OXPHOS,Atp5if1,Atpif1
MitoPathways,MITOPATHWAYS_OXPHOS,Atp5mc1,Atp5g1
MitoPathways,MITOPATHWAYS_OXPHOS,Atp5mc2,Atp5g2
MitoPathways,MITOPATHWAYS_OXPHOS,Atp5mc3,Atp5g3
MitoPathways,MITOPATHWAYS_OXPHOS,Atp5me,Atp5k
MitoPathways,MITOPATHWAYS_OXPHOS,Atp5mf,Atp5j2
MitoPathways,MITOPATHWAYS_OXPHOS,Atp5mg,Atp5l
MitoPathways,MITOPATHWAYS_OXPHOS,Atp5pd,Atp5h
MitoPathways,MITOPATHWAYS_OXPHOS,Atp5pf,Atp5j
MitoPathways,MITOPATHWAYS_OXPHOS,Atp5po,Atp5o
MitoPathways,MITOPATHWAYS_OXPHOS,Coa8,Apopt1
MitoPathways,MITOPATHWAYS_OXPHOS.Complex_IV,Coa8,Apopt1
MitoPathways,MITOPATHWAYS_OXPHOS.Complex_IV.CIV_assembly_factors,Coa8,Apopt1
MitoPathways,MITOPATHWAYS_OXPHOS.Complex_V,Atp5f1a,Atp5a1
MitoPathways,MITOPATHWAYS_OXPHOS.Complex_V,Atp5f1b,Atp5b
MitoPathways,MITOPATHWAYS_OXPHOS.Complex_V,Atp5f1c,Atp5c1
MitoPathways,MITOPATHWAYS_OXPHOS.Complex_V,Atp5f1d,Atp5d
MitoPathways,MITOPATHWAYS_OXPHOS.Complex_V,Atp5f1e,Atp5e
MitoPathways,MITOPATHWAYS_OXPHOS.Complex_V,Atp5if1,Atpif1
MitoPathways,MITOPATHWAYS_OXPHOS.Complex_V,Atp5mc1,Atp5g1
MitoPathways,MITOPATHWAYS_OXPHOS.Complex_V,Atp5mc2,Atp5g2
MitoPathways,MITOPATHWAYS_OXPHOS.Complex_V,Atp5mc3,Atp5g3
MitoPathways,MITOPATHWAYS_OXPHOS.Complex_V,Atp5me,Atp5k
MitoPathways,MITOPATHWAYS_OXPHOS.Complex_V,Atp5mf,Atp5j2
MitoPathways,MITOPATHWAYS_OXPHOS.Complex_V,Atp5mg,Atp5l
MitoPathways,MITOPATHWAYS_OXPHOS.Complex_V,Atp5pd,Atp5h
MitoPathways,MITOPATHWAYS_OXPHOS.Complex_V,Atp5pf,Atp5j
MitoPathways,MITOPATHWAYS_OXPHOS.Complex_V,Atp5po,Atp5o
MitoPathways,MITOPATHWAYS_OXPHOS.Complex_V.CV_subunits,Atp5f1a,Atp5a1
MitoPathways,MITOPATHWAYS_OXPHOS.Complex_V.CV_subunits,Atp5f1b,Atp5b
MitoPathways,MITOPATHWAYS_OXPHOS.Complex_V.CV_subunits,Atp5f1c,Atp5c1
MitoPathways,MITOPATHWAYS_OXPHOS.Complex_V.CV_subunits,Atp5f1d,Atp5d
MitoPathways,MITOPATHWAYS_OXPHOS.Complex_V.CV_subunits,Atp5f1e,Atp5e
MitoPathways,MITOPATHWAYS_OXPHOS.Complex_V.CV_subunits,Atp5if1,Atpif1
MitoPathways,MITOPATHWAYS_OXPHOS.Complex_V.CV_subunits,Atp5mc1,Atp5g1
MitoPathways,MITOPATHWAYS_OXPHOS.Complex_V.CV_subunits,Atp5mc2,Atp5g2
MitoPathways,MITOPATHWAYS_OXPHOS.Complex_V.CV_subunits,Atp5mc3,Atp5g3
MitoPathways,MITOPATHWAYS_OXPHOS.Complex_V.CV_subunits,Atp5me,Atp5k
MitoPathways,MITOPATHWAYS_OXPHOS.Complex_V.CV_subunits,Atp5mf,Atp5j2
MitoPathways,MITOPATHWAYS_OXPHOS.Complex_V.CV_subunits,Atp5mg,Atp5l
MitoPathways,MITOPATHWAYS_OXPHOS.Complex_V.CV_subunits,Atp5pd,Atp5h
MitoPathways,MITOPATHWAYS_OXPHOS.Complex_V.CV_subunits,Atp5pf,Atp5j
MitoPathways,MITOPATHWAYS_OXPHOS.Complex_V.CV_subunits,Atp5po,Atp5o
MitoPathways,MITOPATHWAYS_OXPHOS.OXPHOS_assembly_factors,Coa8,Apopt1
MitoPathways,MITOPATHWAYS_OXPHOS.OXPHOS_subunits,Atp5f1a,Atp5a1
MitoPathways,MITOPATHWAYS_OXPHOS.OXPHOS_subunits,Atp5f1b,Atp5b
MitoPathways,MITOPATHWAYS_OXPHOS.OXPHOS_subunits,Atp5f1c,Atp5c1
MitoPathways,MITOPATHWAYS_OXPHOS.OXPHOS_subunits,Atp5f1d,Atp5d
MitoPathways,MITOPATHWAYS_OXPHOS.OXPHOS_subunits,Atp5f1e,Atp5e
MitoPathways,MITOPATHWAYS_OXPHOS.OXPHOS_subunits,Atp5if1,Atpif1
MitoPathways,MITOPATHWAYS_OXPHOS.OXPHOS_subunits,Atp5mc1,Atp5g1
MitoPathways,MITOPATHWAYS_OXPHOS.OXPHOS_subunits,Atp5mc2,Atp5g2
MitoPathways,MITOPATHWAYS_OXPHOS.OXPHOS_subunits,Atp5mc3,Atp5g3
MitoPathways,MITOPATHWAYS_OXPHOS.OXPHOS_subunits,Atp5me,Atp5k
MitoPathways,MITOPATHWAYS_OXPHOS.OXPHOS_subunits,Atp5mf,Atp5j2
MitoPathways,MITOPATHWAYS_OXPHOS.OXPHOS_subunits,Atp5mg,Atp5l
MitoPathways,MITOPATHWAYS_OXPHOS.OXPHOS_subunits,Atp5pd,Atp5h
MitoPathways,MITOPATHWAYS_OXPHOS.OXPHOS_subunits,Atp5pf,Atp5j
MitoPathways,MITOPATHWAYS_OXPHOS.OXPHOS_subunits,Atp5po,Atp5o
MitoPathways,MITOPATHWAYS_Protein_import_sorting_and_homeostasis,Nrdc,Nrd1
MitoPathways,MITOPATHWAYS_Protein_import_sorting_and_homeostasis.Protein_homeostasis,Nrdc,Nrd1
MitoPathways,MITOPATHWAYS_Protein_import_sorting_and_homeostasis.Protein_homeostasis.Chaperones,Nrdc,Nrd1
MitoPathways,MITOPATHWAYS_Protein_import_sorting_and_homeostasis.Protein_import_and_sorting,Nrdc,Nrd1
