matrix_symbol,current_symbol,entrez_id,resolution,mapped_after_normalisation,normalisation_source,org_mm_eg_db_version
0610010F05Rik,Sanbr,71675,accepted,TRUE,org.Mm.eg.db,3.22.0
1110008P14Rik,Bbln,73737,accepted,TRUE,org.Mm.eg.db,3.22.0
1110012L19Rik,Eola1,68618,accepted,TRUE,org.Mm.eg.db,3.22.0
1110051M20Rik,Cstpp1,228356,accepted,TRUE,org.Mm.eg.db,3.22.0
1300017J02Rik,Inhca,71775,accepted,FALSE,org.Mm.eg.db,3.22.0
1700007K13Rik,Pierce1,69327,accepted,TRUE,org.Mm.eg.db,3.22.0
1700012D14Rik,Zbed5-ps,75479,accepted,FALSE,org.Mm.eg.db,3.22.0
1700020D05Rik,Nscme3l,75555,accepted,TRUE,org.Mm.eg.db,3.22.0
1700023B13Rik,Dino,73279,accepted,FALSE,org.Mm.eg.db,3.22.0
1700034I23Rik,Fundc2b,73297,accepted,TRUE,org.Mm.eg.db,3.22.0
1700066B19Rik,Smim33,73449,accepted,TRUE,org.Mm.eg.db,3.22.0
1700092M07Rik,Tex54,74307,accepted,TRUE,org.Mm.eg.db,3.22.0
1700094D03Rik,Cfap141,73545,accepted,TRUE,org.Mm.eg.db,3.22.0
1810026B05Rik,Chaserr,69170,accepted,FALSE,org.Mm.eg.db,3.22.0
2010007H06Rik,Gm32819,102635498,accepted,FALSE,org.Mm.eg.db,3.22.0
2010300C02Rik,Cracdl,72097,accepted,TRUE,org.Mm.eg.db,3.22.0
2210010C04Rik,Prss3b,67373,accepted,FALSE,org.Mm.eg.db,3.22.0
2410131K14Rik,Spring1,76792,accepted,TRUE,org.Mm.eg.db,3.22.0
2610001J05Rik,Smim30,66520,accepted,TRUE,org.Mm.eg.db,3.22.0
2610002M06Rik,Chmp1b2,67028,accepted,TRUE,org.Mm.eg.db,3.22.0
2610044O15Rik8,Zfp1006,72139,accepted,FALSE,org.Mm.eg.db,3.22.0
2610301B20Rik,Cfap418,67157,accepted,TRUE,org.Mm.eg.db,3.22.0
2610507B11Rik,Bltp2,72503,accepted,TRUE,org.Mm.eg.db,3.22.0
2700046G09Rik,Sgms1os1,67188,accepted,FALSE,org.Mm.eg.db,3.22.0
2700081O15Rik,Zfta,108899,accepted,TRUE,org.Mm.eg.db,3.22.0
2810006K23Rik,Mtrfr,72650,accepted,TRUE,org.Mm.eg.db,3.22.0
2810410L24Rik,Reno1,100042332,accepted,FALSE,org.Mm.eg.db,3.22.0
4430402I18Rik,Spata6l,381218,accepted,TRUE,org.Mm.eg.db,3.22.0
4930402H24Rik,Dnaaf9,228602,accepted,TRUE,org.Mm.eg.db,3.22.0
4930404N11Rik,Tektip1,432479,accepted,TRUE,org.Mm.eg.db,3.22.0
4930432K21Rik,Brme1,74666,accepted,TRUE,org.Mm.eg.db,3.22.0
4930451G09Rik,Dnaaf8,74684,accepted,TRUE,org.Mm.eg.db,3.22.0
4930452B06Rik,Cfap20dc,74430,accepted,TRUE,org.Mm.eg.db,3.22.0
4930517E14Rik,Gm8154,666539,accepted,FALSE,org.Mm.eg.db,3.22.0
4931406G06Rik,Epcip,74387,accepted,FALSE,org.Mm.eg.db,3.22.0
4931406P16Rik,Garre1,233103,accepted,TRUE,org.Mm.eg.db,3.22.0
4932438A13Rik,Bltp1,229227,accepted,TRUE,org.Mm.eg.db,3.22.0
4933402N22Rik,Speer1m,545732,accepted,FALSE,org.Mm.eg.db,3.22.0
4933423P22Rik,Ptprjos1,71158,accepted,FALSE,org.Mm.eg.db,3.22.0
5330417C22Rik,Elapor1,229722,accepted,TRUE,org.Mm.eg.db,3.22.0
5430403G16Rik,Zfp1007,77200,accepted,FALSE,org.Mm.eg.db,3.22.0
5430427O19Rik,Tasl,71398,accepted,TRUE,org.Mm.eg.db,3.22.0
5830405F06Rik,Tcrb-J,21580,accepted,FALSE,org.Mm.eg.db,3.22.0
5830411N06Rik,Scart2,244234,accepted,FALSE,org.Mm.eg.db,3.22.0
6720489N17Rik,Zfp1008,211378,accepted,FALSE,org.Mm.eg.db,3.22.0
9130019O22Rik,Zfp747l1,78921,accepted,FALSE,org.Mm.eg.db,3.22.0
9130023H24Rik,Zfp696,100043133,accepted,FALSE,org.Mm.eg.db,3.22.0
9130208D14Rik,Gvin5,77700,accepted,FALSE,org.Mm.eg.db,3.22.0
9330182L06Rik,Elapor2,231014,accepted,TRUE,org.Mm.eg.db,3.22.0
A530072M11Rik,Parail,100415915,accepted,FALSE,org.Mm.eg.db,3.22.0
AI662270,Slfnlnc,100043636,accepted,FALSE,org.Mm.eg.db,3.22.0
Adprhl2,Adprs,100206,accepted,TRUE,org.Mm.eg.db,3.22.0
Apopt1,Coa8,68020,accepted,TRUE,org.Mm.eg.db,3.22.0
Asna1,Get3,56495,accepted,TRUE,org.Mm.eg.db,3.22.0
B230118H07Rik,Iftap,68170,accepted,TRUE,org.Mm.eg.db,3.22.0
B230334C09Rik,Lrrc7,242274,accepted,TRUE,org.Mm.eg.db,3.22.0
B430306N03Rik,Trem6l,320148,accepted,FALSE,org.Mm.eg.db,3.22.0
Btbd11,Abtb3,74007,accepted,TRUE,org.Mm.eg.db,3.22.0
C130026I21Rik,Sp140l2,620078,accepted,FALSE,org.Mm.eg.db,3.22.0
C330007P06Rik,Steep1,77644,accepted,TRUE,org.Mm.eg.db,3.22.0
C430049B03Rik,Mir503hg,72575,accepted,FALSE,org.Mm.eg.db,3.22.0
C530008M17Rik,Cracd,320827,accepted,TRUE,org.Mm.eg.db,3.22.0
Casc4,Golm2,319996,accepted,TRUE,org.Mm.eg.db,3.22.0
Ccdc114,Odad1,211535,accepted,TRUE,org.Mm.eg.db,3.22.0
Ccdc155,Kash5,384619,accepted,TRUE,org.Mm.eg.db,3.22.0
Ccpg1os,Pierce2,546143,accepted,TRUE,org.Mm.eg.db,3.22.0
Cd163l1,Scart1,244233,accepted,TRUE,org.Mm.eg.db,3.22.0
Col4a3bp,Cert1,68018,accepted,TRUE,org.Mm.eg.db,3.22.0
Colca2,Pou2af3,100502940,accepted,TRUE,org.Mm.eg.db,3.22.0
Cramp1l,Cramp1,57354,accepted,TRUE,org.Mm.eg.db,3.22.0
Csnk2a3,Csnk2a1-ps3,100039026,accepted,FALSE,org.Mm.eg.db,3.22.0
D10Wsu102e,Nopchap1,28109,accepted,TRUE,org.Mm.eg.db,3.22.0
D130040H23Rik,Zfp781a,211135,accepted,FALSE,org.Mm.eg.db,3.22.0
D130058E05Rik,Gbx2,14472,accepted,TRUE,org.Mm.eg.db,3.22.0
D1Ertd622e,Macir,52392,accepted,TRUE,org.Mm.eg.db,3.22.0
D230025D16Rik,Phaf1,234678,accepted,TRUE,org.Mm.eg.db,3.22.0
D430042O09Rik,Katnip,233865,accepted,TRUE,org.Mm.eg.db,3.22.0
Ddx39,Ddx39a,68278,accepted,TRUE,org.Mm.eg.db,3.22.0
Ddx58,Rigi,230073,accepted,TRUE,org.Mm.eg.db,3.22.0
E130309D02Rik,Ints15,231868,accepted,TRUE,org.Mm.eg.db,3.22.0
E430024P14Rik,Gm1604a,100040822,accepted,FALSE,org.Mm.eg.db,3.22.0
Elmsan1,Mideas,238317,accepted,TRUE,org.Mm.eg.db,3.22.0
Ero1l,Ero1a,50527,accepted,TRUE,org.Mm.eg.db,3.22.0
Ero1lb,Ero1b,67475,accepted,TRUE,org.Mm.eg.db,3.22.0
Fam126a,Hycc1,84652,accepted,TRUE,org.Mm.eg.db,3.22.0
Fam126b,Hycc2,213056,accepted,TRUE,org.Mm.eg.db,3.22.0
Fam129a,Niban1,63913,accepted,TRUE,org.Mm.eg.db,3.22.0
Fam129b,Niban2,227737,accepted,TRUE,org.Mm.eg.db,3.22.0
Fam129c,Niban3,100037278,accepted,TRUE,org.Mm.eg.db,3.22.0
Fam155a,Nalf1,270028,accepted,TRUE,org.Mm.eg.db,3.22.0
Fam160a1,Fhip1a,229488,accepted,TRUE,org.Mm.eg.db,3.22.0
Fam160a2,Fhip1b,74349,accepted,TRUE,org.Mm.eg.db,3.22.0
Fam160b1,Fhip2a,226252,accepted,TRUE,org.Mm.eg.db,3.22.0
Fam160b2,Fhip2b,239170,accepted,TRUE,org.Mm.eg.db,3.22.0
Fam173a,Antkmt,214917,accepted,TRUE,org.Mm.eg.db,3.22.0
Fam189b,Entrep3,68521,accepted,TRUE,org.Mm.eg.db,3.22.0
Fam192a,Psme3ip1,102122,accepted,TRUE,org.Mm.eg.db,3.22.0
Fam214a,Atosa,235493,accepted,TRUE,org.Mm.eg.db,3.22.0
Fam214b,Atosb,230088,accepted,TRUE,org.Mm.eg.db,3.22.0
Fam45a,Dennd10,67894,accepted,TRUE,org.Mm.eg.db,3.22.0
Fam49a,Cyria,76820,accepted,TRUE,org.Mm.eg.db,3.22.0
Fam49b,Cyrib,223601,accepted,TRUE,org.Mm.eg.db,3.22.0
Fam57a,Tlcd3a,116972,accepted,TRUE,org.Mm.eg.db,3.22.0
Fam71b,Garin3,432552,accepted,TRUE,org.Mm.eg.db,3.22.0
Fam71e1,Garin5a,75538,accepted,TRUE,org.Mm.eg.db,3.22.0
Fam71f2,Garin1a,245884,accepted,TRUE,org.Mm.eg.db,3.22.0
Fam92a,Cibar1,68099,accepted,TRUE,org.Mm.eg.db,3.22.0
Fgfr1op,Cep43,75296,accepted,TRUE,org.Mm.eg.db,3.22.0
Fopnl,Cep20,66086,accepted,TRUE,org.Mm.eg.db,3.22.0
Gm10125,Zeb1os1,791318,accepted,FALSE,org.Mm.eg.db,3.22.0
Gm10130,Zfp1001,102633750,accepted,FALSE,org.Mm.eg.db,3.22.0
Gm10131,Erhrt-ps,100042777,accepted,FALSE,org.Mm.eg.db,3.22.0
Gm10282,Hmgn2-ps,100042405,accepted,TRUE,org.Mm.eg.db,3.22.0
Gm10451,Ppp1r36dn,100041694,accepted,FALSE,org.Mm.eg.db,3.22.0
Gm10651,Josd1-ps,100043771,accepted,FALSE,org.Mm.eg.db,3.22.0
Gm10925,Atp6-ps,100503946,accepted,FALSE,org.Mm.eg.db,3.22.0
Gm1141,Pasd1,382221,accepted,FALSE,org.Mm.eg.db,3.22.0
Gm11575,Sec61g-ps2,102637269,accepted,FALSE,org.Mm.eg.db,3.22.0
Gm12216,Carinh,622459,accepted,FALSE,org.Mm.eg.db,3.22.0
Gm12657,H3f5,667250,accepted,FALSE,org.Mm.eg.db,3.22.0
Gm13212,Zfp268,433801,accepted,TRUE,org.Mm.eg.db,3.22.0
Gm13502,Idi1-ps1,102635781,accepted,FALSE,org.Mm.eg.db,3.22.0
Gm14131,Fndc10l,241715,accepted,FALSE,org.Mm.eg.db,3.22.0
Gm14139,Zfp1004,100271882,accepted,FALSE,org.Mm.eg.db,3.22.0
Gm14327,Zfp1003,665205,accepted,FALSE,org.Mm.eg.db,3.22.0
Gm14597,4933416I08Rik,71159,accepted,TRUE,org.Mm.eg.db,3.22.0
Gm14698,Styx-ps,100040244,accepted,TRUE,org.Mm.eg.db,3.22.0
Gm15247,Gm15247x,100379606,accepted,FALSE,org.Mm.eg.db,3.22.0
Gm15753,Sp110-ps2,624083,accepted,FALSE,org.Mm.eg.db,3.22.0
Gm15975,Tent2-ps1,100417530,accepted,FALSE,org.Mm.eg.db,3.22.0
Gm16157,Altre,100504026,accepted,FALSE,org.Mm.eg.db,3.22.0
Gm16286,Naa12,117903916,accepted,TRUE,org.Mm.eg.db,3.22.0
Gm17018,Dpcd,226162,accepted,TRUE,org.Mm.eg.db,3.22.0
Gm17251,Rab11bos1,115488819,accepted,FALSE,org.Mm.eg.db,3.22.0
Gm18852,Gvin-ps2,100417829,accepted,FALSE,org.Mm.eg.db,3.22.0
Gm18853,Gvin-ps4,100417831,accepted,FALSE,org.Mm.eg.db,3.22.0
Gm1966,Gvin3,434223,accepted,FALSE,org.Mm.eg.db,3.22.0
Gm20033,Gm38457,102634072,accepted,FALSE,org.Mm.eg.db,3.22.0
Gm20075,Btf3l4b,100504125,accepted,FALSE,org.Mm.eg.db,3.22.0
Gm20219,Tincr,100504425,accepted,TRUE,org.Mm.eg.db,3.22.0
Gm2115,Ctxnd1,100039239,accepted,TRUE,org.Mm.eg.db,3.22.0
Gm21762,Tcstv6b,102631530,accepted,FALSE,org.Mm.eg.db,3.22.0
Gm21885,Ankrd40cl,102639132,accepted,TRUE,org.Mm.eg.db,3.22.0
Gm22486,Snord94,115490493,accepted,FALSE,org.Mm.eg.db,3.22.0
Gm22574,Snord138,115488275,accepted,FALSE,org.Mm.eg.db,3.22.0
Gm22865,Snord3b-ps2,19853,accepted,FALSE,org.Mm.eg.db,3.22.0
Gm2415,1700024F20Rik,100039768,accepted,FALSE,org.Mm.eg.db,3.22.0
Gm35060,Tex51,102638514,accepted,TRUE,org.Mm.eg.db,3.22.0
Gm3531,Btf3-ps1,100041823,accepted,FALSE,org.Mm.eg.db,3.22.0
Gm37494,Gm33989,102637087,accepted,FALSE,org.Mm.eg.db,3.22.0
Gm38391,B430319G15Rik,78575,accepted,FALSE,org.Mm.eg.db,3.22.0
Gm38394,Zbed6,667118,accepted,TRUE,org.Mm.eg.db,3.22.0
Gm4032,Btf3-ps18,102635341,accepted,FALSE,org.Mm.eg.db,3.22.0
Gm4070,Gvin2,100042856,accepted,FALSE,org.Mm.eg.db,3.22.0
Gm42372,Pnma8c,105247240,accepted,TRUE,org.Mm.eg.db,3.22.0
Gm42601,Gm33100,102635874,accepted,FALSE,org.Mm.eg.db,3.22.0
Gm4356,Gng5c,100043318,accepted,FALSE,org.Mm.eg.db,3.22.0
Gm45224,Fam136a-ps,102632427,accepted,FALSE,org.Mm.eg.db,3.22.0
Gm45456,Gm6314,622335,accepted,FALSE,org.Mm.eg.db,3.22.0
Gm45716,Smim36,121811722,accepted,FALSE,org.Mm.eg.db,3.22.0
Gm47087,5330432J10Rik,320151,accepted,FALSE,org.Mm.eg.db,3.22.0
Gm4737,Ahcyl,11615,accepted,TRUE,org.Mm.eg.db,3.22.0
Gm4759,Gvin-ps6,209380,accepted,FALSE,org.Mm.eg.db,3.22.0
Gm4869,Kif19b,101055939,accepted,FALSE,org.Mm.eg.db,3.22.0
Gm48960,4921515G04Rik,115488525,accepted,FALSE,org.Mm.eg.db,3.22.0
Gm4926,Timd7-ps,237749,accepted,FALSE,org.Mm.eg.db,3.22.0
Gm49359,Zfp935,71508,accepted,FALSE,org.Mm.eg.db,3.22.0
Gm4951,Iigp1c,240327,accepted,FALSE,org.Mm.eg.db,3.22.0
Gm4969,Meiosin,243866,accepted,TRUE,org.Mm.eg.db,3.22.0
Gm50217,4933403J19Rik,115489026,accepted,FALSE,org.Mm.eg.db,3.22.0
Gm5152,Speer1c,381612,accepted,FALSE,org.Mm.eg.db,3.22.0
Gm5434,Ube2frt,432649,accepted,FALSE,org.Mm.eg.db,3.22.0
Gm5566,Nme-ps1,433968,accepted,FALSE,org.Mm.eg.db,3.22.0
Gm5741,Gng14,100503710,accepted,TRUE,org.Mm.eg.db,3.22.0
Gm5861,Speer1e,545728,accepted,FALSE,org.Mm.eg.db,3.22.0
Gm6583,Ccdc121rt3,625424,accepted,TRUE,org.Mm.eg.db,3.22.0
Gm6851,Pin4-ps,105247253,accepted,FALSE,org.Mm.eg.db,3.22.0
Gm6977,Fth1-ps,629471,accepted,FALSE,org.Mm.eg.db,3.22.0
Gm7879,Ppihl,665989,accepted,FALSE,org.Mm.eg.db,3.22.0
Gm8430,Rps27a-ps3,667035,accepted,FALSE,org.Mm.eg.db,3.22.0
Gm8857,Speer1k,667880,accepted,FALSE,org.Mm.eg.db,3.22.0
Gm8879,Speer1g,667916,accepted,FALSE,org.Mm.eg.db,3.22.0
Gm8890,Speer1d,667948,accepted,FALSE,org.Mm.eg.db,3.22.0
Gm8897,Speer1f,667961,accepted,FALSE,org.Mm.eg.db,3.22.0
Gm8906,Speer1j,101055944,accepted,FALSE,org.Mm.eg.db,3.22.0
Gm8979,Gvin-ps3,668108,accepted,FALSE,org.Mm.eg.db,3.22.0
Gm8989,Gvin-ps5,668128,accepted,FALSE,org.Mm.eg.db,3.22.0
Gm8995,Gvin4,668139,accepted,FALSE,org.Mm.eg.db,3.22.0
Gm9030,Cdc5lrt3-ps,668187,accepted,FALSE,org.Mm.eg.db,3.22.0
Gm9308,Btf3-ps4,668700,accepted,FALSE,org.Mm.eg.db,3.22.0
Gm9774,Adrm1b,100043022,accepted,TRUE,org.Mm.eg.db,3.22.0
Gm9803,Pam16l,100042179,accepted,TRUE,org.Mm.eg.db,3.22.0
Gm9833,Myef2l,100041480,accepted,TRUE,org.Mm.eg.db,3.22.0
Gm9844,Tmsb10b,100043712,accepted,FALSE,org.Mm.eg.db,3.22.0
Grasp,Tamalin,56149,accepted,TRUE,org.Mm.eg.db,3.22.0
H2bu2,H2bc27,78303,accepted,TRUE,org.Mm.eg.db,3.22.0
Hist1h2ao,H2ac23,665433,accepted,TRUE,org.Mm.eg.db,3.22.0
Impad1,Bpnt2,242291,accepted,TRUE,org.Mm.eg.db,3.22.0
Lilr4b,Lilrb4b,14727,accepted,TRUE,org.Mm.eg.db,3.22.0
Lrmp,Irag2,16970,accepted,TRUE,org.Mm.eg.db,3.22.0
Lrrc29,Fbxl9,234684,accepted,TRUE,org.Mm.eg.db,3.22.0
Maats1,Cfap91,320214,accepted,TRUE,org.Mm.eg.db,3.22.0
Map11,Trappc14,231807,accepted,TRUE,org.Mm.eg.db,3.22.0
Mpp5,Pals1,56217,accepted,TRUE,org.Mm.eg.db,3.22.0
Mpp6,Pals2,56524,accepted,TRUE,org.Mm.eg.db,3.22.0
Mrvi1,Irag1,17540,accepted,TRUE,org.Mm.eg.db,3.22.0
Myo15,Myo15a,17910,accepted,TRUE,org.Mm.eg.db,3.22.0
Olfr1372-ps1,Or2y7,257871,accepted,FALSE,org.Mm.eg.db,3.22.0
Olfr1393,Or2y1g,258463,accepted,TRUE,org.Mm.eg.db,3.22.0
Olfr1396,Or2v2,258334,accepted,TRUE,org.Mm.eg.db,3.22.0
Olfr1420,Or10v1,258405,accepted,TRUE,org.Mm.eg.db,3.22.0
Olfr1444,Or5b21,258697,accepted,TRUE,org.Mm.eg.db,3.22.0
Olfr156,Or13c7b,29846,accepted,FALSE,org.Mm.eg.db,3.22.0
Olfr157,Or13c7c,100040268,accepted,FALSE,org.Mm.eg.db,3.22.0
Olfr173,Or5k1,259002,accepted,TRUE,org.Mm.eg.db,3.22.0
Olfr266,Or11i1,258482,accepted,FALSE,org.Mm.eg.db,3.22.0
Olfr267,Or2k2,258922,accepted,TRUE,org.Mm.eg.db,3.22.0
Olfr372,Or2z8,404315,accepted,TRUE,org.Mm.eg.db,3.22.0
Olfr373,Or2z9,258532,accepted,TRUE,org.Mm.eg.db,3.22.0
Olfr374,Or1ab2,258335,accepted,FALSE,org.Mm.eg.db,3.22.0
Olfr524,Or6b13,258055,accepted,FALSE,org.Mm.eg.db,3.22.0
Olfr525,Or13a19,258958,accepted,FALSE,org.Mm.eg.db,3.22.0
Olfr527,Or12j2,257939,accepted,FALSE,org.Mm.eg.db,3.22.0
Olfr543,Or55b3,257947,accepted,FALSE,org.Mm.eg.db,3.22.0
Olfr544,Or55b4,257926,accepted,FALSE,org.Mm.eg.db,3.22.0
Olfr545,Or55b10,258837,accepted,FALSE,org.Mm.eg.db,3.22.0
Olfr549,Or52b3,259105,accepted,FALSE,org.Mm.eg.db,3.22.0
Olfr56,Or2v1,18356,accepted,TRUE,org.Mm.eg.db,3.22.0
Olfr60,Or13a27,18361,accepted,FALSE,org.Mm.eg.db,3.22.0
Olfr753-ps1,Or2h2b,258052,accepted,FALSE,org.Mm.eg.db,3.22.0
Olfr755-ps1,Or11a3-ps1,258049,accepted,FALSE,org.Mm.eg.db,3.22.0
Olfr90,Or2h2,258469,accepted,TRUE,org.Mm.eg.db,3.22.0
Olfr920,Or8b53,258783,accepted,FALSE,org.Mm.eg.db,3.22.0
Olfr99,Or1o4,258508,accepted,FALSE,org.Mm.eg.db,3.22.0
Pqlc2,Slc66a1,212555,accepted,TRUE,org.Mm.eg.db,3.22.0
Pramef8,Pramel12,242736,accepted,TRUE,org.Mm.eg.db,3.22.0
Qk,Qki,19317,accepted,TRUE,org.Mm.eg.db,3.22.0
Rnf219,Obi1,72486,accepted,TRUE,org.Mm.eg.db,3.22.0
Rnu73b,Snord73b,19871,accepted,FALSE,org.Mm.eg.db,3.22.0
Rpl32-ps,Rpl32-ps1,19952,accepted,FALSE,org.Mm.eg.db,3.22.0
Rpl39-ps,Rpl39-ps1,100503815,accepted,FALSE,org.Mm.eg.db,3.22.0
Skp1a,Skp1,21402,accepted,TRUE,org.Mm.eg.db,3.22.0
Speer1,Speer1a,70896,accepted,FALSE,org.Mm.eg.db,3.22.0
Tctex1d1,Dynlt5,67344,accepted,TRUE,org.Mm.eg.db,3.22.0
Tctex1d2,Dynlt2b,66061,accepted,TRUE,org.Mm.eg.db,3.22.0
Tctex1d4,Dynlt4,242646,accepted,TRUE,org.Mm.eg.db,3.22.0
Tmem189,Peds1,407243,accepted,TRUE,org.Mm.eg.db,3.22.0
Tmem191c,Tmem191,224019,accepted,TRUE,org.Mm.eg.db,3.22.0
Tmem8,Pgap6,60455,accepted,TRUE,org.Mm.eg.db,3.22.0
Tsta3,Gfus,22122,accepted,TRUE,org.Mm.eg.db,3.22.0
Ttc25,Odad4,74407,accepted,TRUE,org.Mm.eg.db,3.22.0
Twistnb,Polr1f,28071,accepted,TRUE,org.Mm.eg.db,3.22.0
Uba52-ps,Uba52-ps1,665964,accepted,FALSE,org.Mm.eg.db,3.22.0
Wars,Wars1,22375,accepted,TRUE,org.Mm.eg.db,3.22.0
Wdr34,Dync2i2,71820,accepted,TRUE,org.Mm.eg.db,3.22.0
Wdr60,Dync2i1,217935,accepted,TRUE,org.Mm.eg.db,3.22.0
Wdr63,Dnai3,242253,accepted,TRUE,org.Mm.eg.db,3.22.0
Wdr78,Dnai4,242584,accepted,TRUE,org.Mm.eg.db,3.22.0
Wdr92,Dnaaf10,103784,accepted,TRUE,org.Mm.eg.db,3.22.0
Zfp781,Zfp781b,331188,accepted,FALSE,org.Mm.eg.db,3.22.0
Znrd1,Polr1h,66136,accepted,TRUE,org.Mm.eg.db,3.22.0
Znrd1as,Polr1has,76416,accepted,FALSE,org.Mm.eg.db,3.22.0
H2aw,H2ac25,319162,flagged_for_review,FALSE,org.Mm.eg.db,3.22.0
Ndufb1-ps,Ndufb1,102631912,flagged_for_review,FALSE,org.Mm.eg.db,3.22.0
4732487G21Rik,Gpatch2l,70373,rejected_current_symbol_already_in_vocabulary,FALSE,org.Mm.eg.db,3.22.0
4930516B21Rik,Acvr2b,11481,rejected_current_symbol_already_in_vocabulary,FALSE,org.Mm.eg.db,3.22.0
C330011M18Rik,Gm10643,100038416,rejected_current_symbol_already_in_vocabulary,FALSE,org.Mm.eg.db,3.22.0
Gm10226,Gm10509,100310809,rejected_current_symbol_already_in_vocabulary,FALSE,org.Mm.eg.db,3.22.0
Gm12940,Sfpq,71514,rejected_current_symbol_already_in_vocabulary,FALSE,org.Mm.eg.db,3.22.0
Gm15832,Rnf149,67702,rejected_current_symbol_already_in_vocabulary,FALSE,org.Mm.eg.db,3.22.0
Gm29675,Exoc2,66482,rejected_current_symbol_already_in_vocabulary,FALSE,org.Mm.eg.db,3.22.0
Gm43951,4933427D14Rik,74477,rejected_current_symbol_already_in_vocabulary,FALSE,org.Mm.eg.db,3.22.0
Gm46378,Vrk1,22367,rejected_current_symbol_already_in_vocabulary,FALSE,org.Mm.eg.db,3.22.0
Rtl10,Gnb1l,13972,rejected_current_symbol_already_in_vocabulary,FALSE,org.Mm.eg.db,3.22.0
Gm12503,Ptma-ps2,115489981,rejected_multiple_query_symbols_for_current_symbol,FALSE,org.Mm.eg.db,3.22.0
Gm12504,Ptma-ps2,115489981,rejected_multiple_query_symbols_for_current_symbol,FALSE,org.Mm.eg.db,3.22.0
2900097C17Rik,Bscl2,14705,rejected_query_symbol_ambiguous_in_org_db,FALSE,org.Mm.eg.db,3.22.0
2900097C17Rik,Norad,347740,rejected_query_symbol_ambiguous_in_org_db,FALSE,org.Mm.eg.db,3.22.0
3110001I22Rik,Pphln1-ps1,66598,rejected_query_symbol_ambiguous_in_org_db,FALSE,org.Mm.eg.db,3.22.0
3110001I22Rik,Bfar,67118,rejected_query_symbol_ambiguous_in_org_db,FALSE,org.Mm.eg.db,3.22.0
H4f16,H4c8,69386,rejected_query_symbol_ambiguous_in_org_db,FALSE,org.Mm.eg.db,3.22.0
H4f16,H4c14,97122,rejected_query_symbol_ambiguous_in_org_db,FALSE,org.Mm.eg.db,3.22.0
H4f16,H4c3,319155,rejected_query_symbol_ambiguous_in_org_db,FALSE,org.Mm.eg.db,3.22.0
H4f16,H4c4,319156,rejected_query_symbol_ambiguous_in_org_db,FALSE,org.Mm.eg.db,3.22.0
H4f16,H4c6,319157,rejected_query_symbol_ambiguous_in_org_db,FALSE,org.Mm.eg.db,3.22.0
H4f16,H4c9,319158,rejected_query_symbol_ambiguous_in_org_db,FALSE,org.Mm.eg.db,3.22.0
H4f16,H4c11,319159,rejected_query_symbol_ambiguous_in_org_db,FALSE,org.Mm.eg.db,3.22.0
H4f16,H4c12,319160,rejected_query_symbol_ambiguous_in_org_db,FALSE,org.Mm.eg.db,3.22.0
H4f16,H4c18,319161,rejected_query_symbol_ambiguous_in_org_db,FALSE,org.Mm.eg.db,3.22.0
H4f16,H4c16,320332,rejected_query_symbol_ambiguous_in_org_db,FALSE,org.Mm.eg.db,3.22.0
H4f16,H4c1,326619,rejected_query_symbol_ambiguous_in_org_db,FALSE,org.Mm.eg.db,3.22.0
H4f16,H4c2,326620,rejected_query_symbol_ambiguous_in_org_db,FALSE,org.Mm.eg.db,3.22.0
H4f16,H4c17,100041230,rejected_query_symbol_ambiguous_in_org_db,FALSE,org.Mm.eg.db,3.22.0
Taz,Tafazzin,66826,rejected_query_symbol_ambiguous_in_org_db,FALSE,org.Mm.eg.db,3.22.0
Taz,Wwtr1,97064,rejected_query_symbol_ambiguous_in_org_db,FALSE,org.Mm.eg.db,3.22.0
