"source","statistic","rank","tf_axis"
"Ap1","consensus
rho=0.97",16,"other"
"Ap1","corr_wsum
rho=0.97",10,"other"
"Ap1","MLM  [multivariate]
rho=0.62",533,"other"
"Ap1","norm_wsum
rho=1.00",27,"other"
"Ap1","ULM
rho=1.00",24,"other"
"Ap1","wsum
rho=0.97",10,"other"
"Egr1","consensus
rho=0.97",6,"other"
"Egr1","corr_wsum
rho=0.97",6,"other"
"Egr1","MLM  [multivariate]
rho=0.62",292,"other"
"Egr1","norm_wsum
rho=1.00",1,"other"
"Egr1","ULM
rho=1.00",2,"other"
"Egr1","wsum
rho=0.97",6,"other"
"Epas1","consensus
rho=0.97",30,"HIF"
"Epas1","corr_wsum
rho=0.97",32,"HIF"
"Epas1","MLM  [multivariate]
rho=0.62",32,"HIF"
"Epas1","norm_wsum
rho=1.00",28,"HIF"
"Epas1","ULM
rho=1.00",27,"HIF"
"Epas1","wsum
rho=0.97",36,"HIF"
"Fos","consensus
rho=0.97",7,"other"
"Fos","corr_wsum
rho=0.97",8,"other"
"Fos","MLM  [multivariate]
rho=0.62",22,"other"
"Fos","norm_wsum
rho=1.00",16,"other"
"Fos","ULM
rho=1.00",4,"other"
"Fos","wsum
rho=0.97",8,"other"
"Hif1a","consensus
rho=0.97",8,"HIF"
"Hif1a","corr_wsum
rho=0.97",7,"HIF"
"Hif1a","MLM  [multivariate]
rho=0.62",142,"HIF"
"Hif1a","norm_wsum
rho=1.00",3,"HIF"
"Hif1a","ULM
rho=1.00",12,"HIF"
"Hif1a","wsum
rho=0.97",7,"HIF"
"Hoxa10","consensus
rho=0.97",71,"other"
"Hoxa10","corr_wsum
rho=0.97",106,"other"
"Hoxa10","MLM  [multivariate]
rho=0.62",9,"other"
"Hoxa10","norm_wsum
rho=1.00",149,"other"
"Hoxa10","ULM
rho=1.00",164,"other"
"Hoxa10","wsum
rho=0.97",140,"other"
"Hoxd3","consensus
rho=0.97",21,"other"
"Hoxd3","corr_wsum
rho=0.97",97,"other"
"Hoxd3","MLM  [multivariate]
rho=0.62",5,"other"
"Hoxd3","norm_wsum
rho=1.00",8,"other"
"Hoxd3","ULM
rho=1.00",10,"other"
"Hoxd3","wsum
rho=0.97",113,"other"
"Hsf2","consensus
rho=0.97",27,"other"
"Hsf2","corr_wsum
rho=0.97",72,"other"
"Hsf2","MLM  [multivariate]
rho=0.62",8,"other"
"Hsf2","norm_wsum
rho=1.00",12,"other"
"Hsf2","ULM
rho=1.00",18,"other"
"Hsf2","wsum
rho=0.97",85,"other"
"Irf1","consensus
rho=0.97",601,"IFN"
"Irf1","corr_wsum
rho=0.97",465,"IFN"
"Irf1","MLM  [multivariate]
rho=0.62",651,"IFN"
"Irf1","norm_wsum
rho=1.00",526,"IFN"
"Irf1","ULM
rho=1.00",537,"IFN"
"Irf1","wsum
rho=0.97",623,"IFN"
"Irf3","consensus
rho=0.97",612,"IFN"
"Irf3","corr_wsum
rho=0.97",618,"IFN"
"Irf3","MLM  [multivariate]
rho=0.62",522,"IFN"
"Irf3","norm_wsum
rho=1.00",600,"IFN"
"Irf3","ULM
rho=1.00",596,"IFN"
"Irf3","wsum
rho=0.97",636,"IFN"
"Irf7","consensus
rho=0.97",187,"IFN"
"Irf7","corr_wsum
rho=0.97",239,"IFN"
"Irf7","MLM  [multivariate]
rho=0.62",71,"IFN"
"Irf7","norm_wsum
rho=1.00",217,"IFN"
"Irf7","ULM
rho=1.00",225,"IFN"
"Irf7","wsum
rho=0.97",235,"IFN"
"Jun","consensus
rho=0.97",2,"other"
"Jun","corr_wsum
rho=0.97",2,"other"
"Jun","MLM  [multivariate]
rho=0.62",214,"other"
"Jun","norm_wsum
rho=1.00",4,"other"
"Jun","ULM
rho=1.00",1,"other"
"Jun","wsum
rho=0.97",2,"other"
"Ncoa1","consensus
rho=0.97",17,"other"
"Ncoa1","corr_wsum
rho=0.97",26,"other"
"Ncoa1","MLM  [multivariate]
rho=0.62",24,"other"
"Ncoa1","norm_wsum
rho=1.00",10,"other"
"Ncoa1","ULM
rho=1.00",8,"other"
"Ncoa1","wsum
rho=0.97",27,"other"
"Nfkb","consensus
rho=0.97",3,"other"
"Nfkb","corr_wsum
rho=0.97",3,"other"
"Nfkb","MLM  [multivariate]
rho=0.62",170,"other"
"Nfkb","norm_wsum
rho=1.00",5,"other"
"Nfkb","ULM
rho=1.00",9,"other"
"Nfkb","wsum
rho=0.97",3,"other"
"Nfkb1","consensus
rho=0.97",5,"IFN"
"Nfkb1","corr_wsum
rho=0.97",5,"IFN"
"Nfkb1","MLM  [multivariate]
rho=0.62",86,"IFN"
"Nfkb1","norm_wsum
rho=1.00",7,"IFN"
"Nfkb1","ULM
rho=1.00",6,"IFN"
"Nfkb1","wsum
rho=0.97",5,"IFN"
"Onecut1","consensus
rho=0.97",134,"other"
"Onecut1","corr_wsum
rho=0.97",281,"other"
"Onecut1","MLM  [multivariate]
rho=0.62",4,"other"
"Onecut1","norm_wsum
rho=1.00",292,"other"
"Onecut1","ULM
rho=1.00",269,"other"
"Onecut1","wsum
rho=0.97",291,"other"
"Rarg","consensus
rho=0.97",78,"other"
"Rarg","corr_wsum
rho=0.97",146,"other"
"Rarg","MLM  [multivariate]
rho=0.62",10,"other"
"Rarg","norm_wsum
rho=1.00",129,"other"
"Rarg","ULM
rho=1.00",122,"other"
"Rarg","wsum
rho=0.97",157,"other"
"Rela","consensus
rho=0.97",4,"IFN"
"Rela","corr_wsum
rho=0.97",4,"IFN"
"Rela","MLM  [multivariate]
rho=0.62",350,"IFN"
"Rela","norm_wsum
rho=1.00",2,"IFN"
"Rela","ULM
rho=1.00",3,"IFN"
"Rela","wsum
rho=0.97",4,"IFN"
"Sin3a","consensus
rho=0.97",76,"other"
"Sin3a","corr_wsum
rho=0.97",163,"other"
"Sin3a","MLM  [multivariate]
rho=0.62",7,"other"
"Sin3a","norm_wsum
rho=1.00",130,"other"
"Sin3a","ULM
rho=1.00",120,"other"
"Sin3a","wsum
rho=0.97",204,"other"
"Sirt1","consensus
rho=0.97",58,"other"
"Sirt1","corr_wsum
rho=0.97",126,"other"
"Sirt1","MLM  [multivariate]
rho=0.62",3,"other"
"Sirt1","norm_wsum
rho=1.00",141,"other"
"Sirt1","ULM
rho=1.00",161,"other"
"Sirt1","wsum
rho=0.97",114,"other"
"Sp1","consensus
rho=0.97",1,"other"
"Sp1","corr_wsum
rho=0.97",1,"other"
"Sp1","MLM  [multivariate]
rho=0.62",37,"other"
"Sp1","norm_wsum
rho=1.00",6,"other"
"Sp1","ULM
rho=1.00",7,"other"
"Sp1","wsum
rho=0.97",1,"other"
"Stat1","consensus
rho=0.97",104,"IFN"
"Stat1","corr_wsum
rho=0.97",69,"IFN"
"Stat1","MLM  [multivariate]
rho=0.62",274,"IFN"
"Stat1","norm_wsum
rho=1.00",117,"IFN"
"Stat1","ULM
rho=1.00",151,"IFN"
"Stat1","wsum
rho=0.97",43,"IFN"
"Stat2","consensus
rho=0.97",580,"IFN"
"Stat2","corr_wsum
rho=0.97",534,"IFN"
"Stat2","MLM  [multivariate]
rho=0.62",593,"IFN"
"Stat2","norm_wsum
rho=1.00",540,"IFN"
"Stat2","ULM
rho=1.00",550,"IFN"
"Stat2","wsum
rho=0.97",589,"IFN"
"Stat3","consensus
rho=0.97",10,"other"
"Stat3","corr_wsum
rho=0.97",11,"other"
"Stat3","MLM  [multivariate]
rho=0.62",148,"other"
"Stat3","norm_wsum
rho=1.00",14,"other"
"Stat3","ULM
rho=1.00",19,"other"
"Stat3","wsum
rho=0.97",11,"other"
"Stat5a","consensus
rho=0.97",12,"other"
"Stat5a","corr_wsum
rho=0.97",13,"other"
"Stat5a","MLM  [multivariate]
rho=0.62",255,"other"
"Stat5a","norm_wsum
rho=1.00",9,"other"
"Stat5a","ULM
rho=1.00",5,"other"
"Stat5a","wsum
rho=0.97",13,"other"
"Tbx5","consensus
rho=0.97",41,"other"
"Tbx5","corr_wsum
rho=0.97",98,"other"
"Tbx5","MLM  [multivariate]
rho=0.62",6,"other"
"Tbx5","norm_wsum
rho=1.00",38,"other"
"Tbx5","ULM
rho=1.00",34,"other"
"Tbx5","wsum
rho=0.97",115,"other"
"Thap11","consensus
rho=0.97",37,"other"
"Thap11","corr_wsum
rho=0.97",127,"other"
"Thap11","MLM  [multivariate]
rho=0.62",1,"other"
"Thap11","norm_wsum
rho=1.00",73,"other"
"Thap11","ULM
rho=1.00",36,"other"
"Thap11","wsum
rho=0.97",178,"other"
"Tox3","consensus
rho=0.97",70,"other"
"Tox3","corr_wsum
rho=0.97",197,"other"
"Tox3","MLM  [multivariate]
rho=0.62",2,"other"
"Tox3","norm_wsum
rho=1.00",177,"other"
"Tox3","ULM
rho=1.00",169,"other"
"Tox3","wsum
rho=0.97",271,"other"
"Trp53","consensus
rho=0.97",9,"other"
"Trp53","corr_wsum
rho=0.97",9,"other"
"Trp53","MLM  [multivariate]
rho=0.62",18,"other"
"Trp53","norm_wsum
rho=1.00",94,"other"
"Trp53","ULM
rho=1.00",55,"other"
"Trp53","wsum
rho=0.97",9,"other"
