"tf","target","aligned_contrib","is_stress_contaminant","member_class"
"Hif1a","Vegfa",9.39257455,FALSE,"HIF-specific member"
"Hif1a","Egln3",6.807492,FALSE,"HIF-specific member"
"Hif1a","Slc2a1",6.53352096,FALSE,"HIF-specific member"
"Hif1a","Car9",-1.06121839,FALSE,"HIF-specific member"
"Hif1a","Bnip3",-1.42890799,FALSE,"HIF-specific member"
"Hif1a","Bnip3l",-1.81453926,FALSE,"HIF-specific member"
"Hif1a","Pdk1",-4.15782848,FALSE,"HIF-specific member"
"Hif1a","Timp1",24.92499,TRUE,"heat-shock/stress contaminant"
"Hif1a","Sdc1",22.8929997,TRUE,"heat-shock/stress contaminant"
"Hif1a","Itga5",18.4582531,FALSE,"regulon member"
"Hif1a","Glb1",17.3885345,FALSE,"regulon member"
"Hif1a","Lgals3",16.8033147,FALSE,"regulon member"
"Hif1a","Bcl2l1",16.0796093,FALSE,"regulon member"
"Hif1a","Spp1",15.3649512,TRUE,"heat-shock/stress contaminant"
"Hif1a","Bcr",13.575037,FALSE,"regulon member"
"Hif1a","Adora2b",13.2383987,FALSE,"regulon member"
"Hif1a","Ar",13.1463934,FALSE,"regulon member"
"Hif1a","Cd44",12.5050003,FALSE,"regulon member"
"Hif1a","Pcx",12.5002699,FALSE,"regulon member"
"Hif1a","Pak1",12.3992924,FALSE,"regulon member"
"Hif1a","Cdkn1a",12.3278744,TRUE,"heat-shock/stress contaminant"
"Hif1a","Sphk1",12.1468456,FALSE,"regulon member"
"Hif1a","Furin",11.6903423,FALSE,"regulon member"
"Hif1a","Serpine1",11.2113044,TRUE,"heat-shock/stress contaminant"
"Hif1a","Ccl4",11.0280306,FALSE,"regulon member"
"Hif1a","Eno2",11.0047832,TRUE,"heat-shock/stress contaminant"
"Hif1a","Rora",10.9548796,FALSE,"regulon member"
"Hif1a","F3",10.8903537,FALSE,"regulon member"
"Hif1a","Hspa1a",10.8117413,TRUE,"heat-shock/stress contaminant"
"Hif1a","Hsf1",10.7310453,FALSE,"regulon member"
"Hif1a","Kdm2b",10.7251076,FALSE,"regulon member"
"Hif1a","Nr4a1",10.2439985,FALSE,"regulon member"
"Hif1a","Plaur",9.82270186,FALSE,"regulon member"
"Hif1a","Rgcc",9.47465229,FALSE,"regulon member"
"Hif1a","Hbegf",9.03125921,FALSE,"regulon member"
"Hif1a","Tigar",8.84588213,FALSE,"regulon member"
"Hif1a","Mat2a",8.79326324,FALSE,"regulon member"
"Hif1a","Map3k11",8.75497357,FALSE,"regulon member"
"Hif1a","Kdm6b",8.73982428,FALSE,"regulon member"
"Hif1a","Pdgfb",8.59721986,FALSE,"regulon member"
"Hif1a","Eif4e",8.28793214,FALSE,"regulon member"
"Hif1a","Cd274",8.24783234,FALSE,"regulon member"
"Hif1a","Eif4ebp1",8.17276436,FALSE,"regulon member"
"Hif1a","Cd36",8.08069431,FALSE,"regulon member"
"Hif1a","Tfrc",7.85207599,FALSE,"regulon member"
"Hif1a","Itgb2",7.76554069,FALSE,"regulon member"
"Hif1a","Sdc4",7.75176122,FALSE,"regulon member"
"Hif1a","Gsn",7.74840421,FALSE,"regulon member"
"Hif1a","Ptgs2",7.60821714,FALSE,"regulon member"
"Hif1a","Bhlhe40",7.55695153,FALSE,"regulon member"
"Hif1a","Thbs1",7.24984774,FALSE,"regulon member"
"Hif1a","Hsp90b1",7.23463625,FALSE,"regulon member"
"Hif1a","S100a11",7.10063263,FALSE,"regulon member"
"Hif1a","Muc1",7.03772058,FALSE,"regulon member"
"Hif1a","Ppp1r10",6.96199273,FALSE,"regulon member"
"Hif1a","Lrp1",6.84869392,FALSE,"regulon member"
"Hif1a","Mst1r",6.79789154,FALSE,"regulon member"
"Hif1a","Twist1",6.60200754,FALSE,"regulon member"
"Hif1a","Ccn1",6.54985351,FALSE,"regulon member"
"Hif1a","Kdm5c",6.53026318,FALSE,"regulon member"
"Hif1a","Fscn1",6.46572249,FALSE,"regulon member"
"Hif1a","Hsp90aa1",6.3038171,FALSE,"regulon member"
"Hif1a","Nedd9",6.19323314,FALSE,"regulon member"
"Hif1a","Apex1",6.11666362,FALSE,"regulon member"
"Hif1a","Ppp5c",5.96265591,FALSE,"regulon member"
"Hif1a","Men1",5.78552029,FALSE,"regulon member"
"Hif1a","Nos2",5.51788649,FALSE,"regulon member"
"Hif1a","Bsg",5.34587272,FALSE,"regulon member"
"Hif1a","Msh2",5.32941152,FALSE,"regulon member"
"Hif1a","Reck",5.29012661,FALSE,"regulon member"
"Hif1a","Adm",5.2771674,FALSE,"regulon member"
"Hif1a","Fam162a",5.25882655,FALSE,"regulon member"
"Hif1a","E2f3",5.23054714,FALSE,"regulon member"
"Hif1a","Hdac2",5.08322697,FALSE,"regulon member"
"Hif1a","Pgf",5.0198835,FALSE,"regulon member"
"Hif1a","Mdm2",4.93090001,FALSE,"regulon member"
"Hif1a","Aurka",4.89570384,FALSE,"regulon member"
"Hif1a","Eln",4.77706556,FALSE,"regulon member"
"Hif1a","Il4",4.68993805,FALSE,"regulon member"
"Hif1a","Cdh1",4.58162421,FALSE,"regulon member"
"Hif1a","Errfi1",4.55563173,FALSE,"regulon member"
"Hif1a","Vmp1",4.54378983,FALSE,"regulon member"
"Hif1a","Ccl5",4.53508249,FALSE,"regulon member"
"Hif1a","Il17a",4.49447237,FALSE,"regulon member"
"Hif1a","Gpr35",4.49329238,FALSE,"regulon member"
"Hif1a","Plau",4.41987376,FALSE,"regulon member"
"Hif1a","Ndrg1",4.41521755,FALSE,"regulon member"
"Hif1a","Tgfb1",4.34110161,FALSE,"regulon member"
"Hif1a","Ankrd37",4.33518651,FALSE,"regulon member"
"Hif1a","Hspa4",4.30130657,FALSE,"regulon member"
"Hif1a","Tnf",4.28954106,FALSE,"regulon member"
"Hif1a","Stc2",4.19277426,FALSE,"regulon member"
"Hif1a","Ndrg2",4.05867112,FALSE,"regulon member"
"Hif1a","Txn1",4.05470534,FALSE,"regulon member"
"Hif1a","Abcb1a",3.94791367,FALSE,"regulon member"
"Hif1a","Kdm3a",3.92204777,FALSE,"regulon member"
"Hif1a","Bid",3.80895303,FALSE,"regulon member"
"Hif1a","Cd24a",3.78994951,FALSE,"regulon member"
"Hif1a","Il11",3.78721641,FALSE,"regulon member"
"Hif1a","Cish",3.7684227,FALSE,"regulon member"
"Hif1a","Pik3ca",3.70872216,FALSE,"regulon member"
"Hif1a","Pfkfb3",3.60954975,FALSE,"regulon member"
"Hif1a","Tlr2",3.56005324,FALSE,"regulon member"
"Hif1a","Pparg",3.54900365,FALSE,"regulon member"
"Hif1a","Arnt2",3.38808737,FALSE,"regulon member"
"Hif1a","Il10",3.36953476,FALSE,"regulon member"
"Hif1a","Ddit4",3.25348972,FALSE,"regulon member"
"Hif1a","Mxi1",3.20675021,FALSE,"regulon member"
"Hif1a","Id2",3.1467808,FALSE,"regulon member"
"Hif1a","Cd151",3.09302543,FALSE,"regulon member"
"Hif1a","Rps6kb1",2.99457735,FALSE,"regulon member"
"Hif1a","Tert",2.94399146,FALSE,"regulon member"
"Hif1a","Mif",2.86604733,FALSE,"regulon member"
"Hif1a","Pgam1",2.80832446,FALSE,"regulon member"
"Hif1a","Tlr4",2.70083311,FALSE,"regulon member"
"Hif1a","Slc2a3",2.64641663,FALSE,"regulon member"
"Hif1a","Tff1",2.62020782,FALSE,"regulon member"
"Hif1a","Spry2",2.60186373,FALSE,"regulon member"
"Hif1a","Hmox1",2.5754022,FALSE,"regulon member"
"Hif1a","Brca1",2.53202254,FALSE,"regulon member"
"Hif1a","Kdm5b",2.48542568,FALSE,"regulon member"
"Hif1a","Flt1",2.47548349,FALSE,"regulon member"
"Hif1a","Epor",2.38617336,FALSE,"regulon member"
"Hif1a","Atrip",2.37998024,FALSE,"regulon member"
"Hif1a","Sdhb",2.18509695,FALSE,"regulon member"
"Hif1a","Esr1",2.16849078,FALSE,"regulon member"
"Hif1a","Aqp4",2.11098599,FALSE,"regulon member"
"Hif1a","Aqp1",2.0886532,FALSE,"regulon member"
"Hif1a","Psmc6",2.05918803,FALSE,"regulon member"
"Hif1a","Hey1",1.99920773,FALSE,"regulon member"
"Hif1a","Pmaip1",1.97332686,FALSE,"regulon member"
"Hif1a","Ptges",1.94541139,FALSE,"regulon member"
"Hif1a","Met",1.91219045,FALSE,"regulon member"
"Hif1a","Vegfb",1.89517802,FALSE,"regulon member"
"Hif1a","Gys1",1.89454558,FALSE,"regulon member"
"Hif1a","Egln1",1.85136711,FALSE,"regulon member"
"Hif1a","Hif1an",1.84811381,FALSE,"regulon member"
"Hif1a","Ccnd1",1.79983993,FALSE,"regulon member"
"Hif1a","Mmp9",1.77805523,FALSE,"regulon member"
"Hif1a","Vasp",1.70974464,FALSE,"regulon member"
"Hif1a","Vegfc",1.61748862,FALSE,"regulon member"
"Hif1a","Ddx3x",1.59394148,FALSE,"regulon member"
"Hif1a","Mdk",1.57300576,FALSE,"regulon member"
"Hif1a","Rpsa",1.54149802,FALSE,"regulon member"
"Hif1a","Gper1",1.49191646,FALSE,"regulon member"
"Hif1a","Gk",1.48639405,FALSE,"regulon member"
"Hif1a","Ppp1r3c",1.44430572,FALSE,"regulon member"
"Hif1a","Hipk2",1.39536033,FALSE,"regulon member"
"Hif1a","Carm1",1.39080762,FALSE,"regulon member"
"Hif1a","Ngb",1.33644149,FALSE,"regulon member"
"Hif1a","Kcnmb1",1.31901743,FALSE,"regulon member"
"Hif1a","Ghr",1.2579719,FALSE,"regulon member"
"Hif1a","Prkg1",1.22959468,FALSE,"regulon member"
"Hif1a","Slc11a1",1.22657115,FALSE,"regulon member"
"Hif1a","Cd164",1.21525236,FALSE,"regulon member"
"Hif1a","Ercc2",1.17146472,FALSE,"regulon member"
"Hif1a","Nbn",1.16171444,FALSE,"regulon member"
"Hif1a","Mt1",1.14722965,FALSE,"regulon member"
"Hif1a","Vhl",1.09279445,FALSE,"regulon member"
"Hif1a","Ccr7",1.07843889,FALSE,"regulon member"
"Hif1a","Kdm4c",0.997243157,FALSE,"regulon member"
"Hif1a","Mrc1",0.993199272,FALSE,"regulon member"
"Hif1a","Akt1",0.904740591,FALSE,"regulon member"
"Hif1a","Vldlr",0.894819005,FALSE,"regulon member"
"Hif1a","Cxcr1",0.881180368,FALSE,"regulon member"
"Hif1a","Hif3a",0.81480123,FALSE,"regulon member"
"Hif1a","Dld",0.803390769,FALSE,"regulon member"
"Hif1a","Dio3",0.797957728,FALSE,"regulon member"
"Hif1a","Hes1",0.773830471,FALSE,"regulon member"
"Hif1a","Sox9",0.750979277,FALSE,"regulon member"
"Hif1a","Prdx2",0.734412211,FALSE,"regulon member"
"Hif1a","Epas1",0.652666182,FALSE,"regulon member"
"Hif1a","Atpif1",0.64165892,FALSE,"regulon member"
"Hif1a","Snai1",0.640243688,FALSE,"regulon member"
"Hif1a","Erbb2",0.62275579,FALSE,"regulon member"
"Hif1a","Foxm1",0.613846398,FALSE,"regulon member"
"Hif1a","Angpt1",0.591379356,FALSE,"regulon member"
"Hif1a","Angpt2",0.571406289,FALSE,"regulon member"
"Hif1a","Nos1",0.545271461,FALSE,"regulon member"
"Hif1a","Slc2a4",0.544697636,FALSE,"regulon member"
"Hif1a","Il6",0.533988604,FALSE,"regulon member"
"Hif1a","Aqp9",0.493675135,FALSE,"regulon member"
"Hif1a","Smad4",0.479644106,FALSE,"regulon member"
"Hif1a","Wsb1",0.389519761,FALSE,"regulon member"
"Hif1a","Prdx3",0.356316078,FALSE,"regulon member"
"Hif1a","Casp3",0.304054291,FALSE,"regulon member"
"Hif1a","Cdkn1c",0.279144978,FALSE,"regulon member"
"Hif1a","Kcnj8",0.276966211,FALSE,"regulon member"
"Hif1a","Abcc9",0.275119171,FALSE,"regulon member"
"Hif1a","Bcl2",0.26231868,FALSE,"regulon member"
"Hif1a","Fn1",0.262240528,FALSE,"regulon member"
"Hif1a","Pfkl",0.250312826,FALSE,"regulon member"
"Hif1a","Fgf2",0.145563073,FALSE,"regulon member"
"Hif1a","Birc3",0.106819063,FALSE,"regulon member"
"Hif1a","Cxcr2",0.0946467147,FALSE,"regulon member"
"Hif1a","Col2a1",0.0945978856,FALSE,"regulon member"
"Hif1a","Socs1",0.0607606977,FALSE,"regulon member"
"Hif1a","Myc",0.0399942987,FALSE,"regulon member"
"Hif1a","Ppfia4",-0.0056201837,FALSE,"regulon member"
"Hif1a","S100a4",-0.0494922045,FALSE,"regulon member"
"Hif1a","Sod2",-0.0852772474,FALSE,"regulon member"
"Hif1a","Txn2",-0.0973823373,FALSE,"regulon member"
"Hif1a","Nedd8",-0.113034018,FALSE,"regulon member"
"Hif1a","Chka",-0.125555303,FALSE,"regulon member"
"Hif1a","Ctf1",-0.1735934,FALSE,"regulon member"
"Hif1a","Dll4",-0.273475297,FALSE,"regulon member"
"Hif1a","Gbe1",-0.278237401,FALSE,"regulon member"
"Hif1a","Grin1",-0.379272511,FALSE,"regulon member"
"Hif1a","Igf2bp1",-0.471418106,FALSE,"regulon member"
"Hif1a","Setd2",-0.537595587,FALSE,"regulon member"
"Hif1a","Ang",-0.546937981,FALSE,"regulon member"
"Hif1a","Stc1",-0.554744436,FALSE,"regulon member"
"Hif1a","Pepd",-0.636263417,FALSE,"regulon member"
"Hif1a","Il1b",-0.64497348,FALSE,"regulon member"
"Hif1a","Afp",-0.667009927,FALSE,"regulon member"
"Hif1a","Tubb3",-0.713587881,FALSE,"regulon member"
"Hif1a","Fbln5",-0.721001169,FALSE,"regulon member"
"Hif1a","Muc3a",-0.743710155,FALSE,"regulon member"
"Hif1a","Arc",-0.806964071,FALSE,"regulon member"
"Hif1a","Rbms1",-0.902554082,FALSE,"regulon member"
"Hif1a","Hs2st1",-0.956234097,FALSE,"regulon member"
"Hif1a","Kdr",-0.9802187,FALSE,"regulon member"
"Hif1a","Pfkfb1",-1.02762098,FALSE,"regulon member"
"Hif1a","Tnfsf13b",-1.02892486,FALSE,"regulon member"
"Hif1a","Hmox2",-1.06794044,FALSE,"regulon member"
"Hif1a","Rapgef3",-1.06852458,FALSE,"regulon member"
"Hif1a","Bhlhe41",-1.08652805,FALSE,"regulon member"
"Hif1a","Ccna2",-1.09564584,FALSE,"regulon member"
"Hif1a","Lifr",-1.09980709,FALSE,"regulon member"
"Hif1a","Hdc",-1.13383094,FALSE,"regulon member"
"Hif1a","Rac1",-1.14533642,FALSE,"regulon member"
"Hif1a","Trf",-1.15238568,FALSE,"regulon member"
"Hif1a","Kitl",-1.15838799,FALSE,"regulon member"
"Hif1a","Slc29a2",-1.2617336,FALSE,"regulon member"
"Hif1a","Jun",-1.26834548,FALSE,"regulon member"
"Hif1a","Nampt",-1.3020289,FALSE,"regulon member"
"Hif1a","Nt5e",-1.33918838,FALSE,"regulon member"
"Hif1a","Cited2",-1.366373,FALSE,"regulon member"
"Hif1a","Mapk14",-1.36667792,FALSE,"regulon member"
"Hif1a","Edn1",-1.3700518,FALSE,"regulon member"
"Hif1a","Hgf",-1.37042147,FALSE,"regulon member"
"Hif1a","Ucp2",-1.41060074,FALSE,"regulon member"
"Hif1a","Mapk1",-1.49940928,FALSE,"regulon member"
"Hif1a","Pik3r1",-1.54256204,FALSE,"regulon member"
"Hif1a","Crebbp",-1.62410063,FALSE,"regulon member"
"Hif1a","Tgfb3",-1.64108362,FALSE,"regulon member"
"Hif1a","Hsp90ab1",-1.6864626,FALSE,"regulon member"
"Hif1a","Pfkfb4",-1.69806381,FALSE,"regulon member"
"Hif1a","Pdk3",-1.7293441,FALSE,"regulon member"
"Hif1a","Prnp",-1.85244321,FALSE,"regulon member"
"Hif1a","Mmp17",-1.87987092,FALSE,"regulon member"
"Hif1a","Arnt",-1.91100054,FALSE,"regulon member"
"Hif1a","Alas2",-1.98358843,FALSE,"regulon member"
"Hif1a","Hgfac",-2.076487,FALSE,"regulon member"
"Hif1a","Src",-2.15375009,FALSE,"regulon member"
"Hif1a","Senp1",-2.18970934,FALSE,"regulon member"
"Hif1a","Gapdh",-2.27605574,FALSE,"regulon member"
"Hif1a","Tnni3",-2.28691913,FALSE,"regulon member"
"Hif1a","Cp",-2.31907928,FALSE,"regulon member"
"Hif1a","Ptger1",-2.31957064,FALSE,"regulon member"
"Hif1a","Ncor2",-2.38232108,FALSE,"regulon member"
"Hif1a","Kdm1a",-2.4188159,FALSE,"regulon member"
"Hif1a","Apc",-2.46865244,FALSE,"regulon member"
"Hif1a","Polm",-2.47564902,FALSE,"regulon member"
"Hif1a","Vim",-2.57465499,FALSE,"regulon member"
"Hif1a","Birc5",-2.6204697,FALSE,"regulon member"
"Hif1a","Capg",-2.64953942,FALSE,"regulon member"
"Hif1a","Pik3c3",-2.74299129,FALSE,"regulon member"
"Hif1a","Plat",-2.74518806,FALSE,"regulon member"
"Hif1a","Slc9a1",-2.80518925,FALSE,"regulon member"
"Hif1a","Slc11a2",-2.88125348,FALSE,"regulon member"
"Hif1a","Cad",-2.89392205,FALSE,"regulon member"
"Hif1a","Atp7a",-2.96739598,FALSE,"regulon member"
"Hif1a","Xiap",-2.99405048,FALSE,"regulon member"
"Hif1a","Wdr83",-3.04668367,FALSE,"regulon member"
"Hif1a","Xpa",-3.05384239,FALSE,"regulon member"
"Hif1a","Ctsd",-3.06312415,FALSE,"regulon member"
"Hif1a","Mcl1",-3.16876158,FALSE,"regulon member"
"Hif1a","Zfp667",-3.21501172,FALSE,"regulon member"
"Hif1a","Nr3c1",-3.25759166,FALSE,"regulon member"
"Hif1a","Bax",-3.30682541,FALSE,"regulon member"
"Hif1a","Aph1a",-3.36790333,FALSE,"regulon member"
"Hif1a","Cdc25a",-3.38632227,FALSE,"regulon member"
"Hif1a","Zfp217",-3.44304392,FALSE,"regulon member"
"Hif1a","Park7",-3.48561581,FALSE,"regulon member"
"Hif1a","Sema4d",-3.53913229,FALSE,"regulon member"
"Hif1a","Matk",-3.61972902,FALSE,"regulon member"
"Hif1a","Npm1",-3.66731576,FALSE,"regulon member"
"Hif1a","Egf",-3.69944647,FALSE,"regulon member"
"Hif1a","Tlr6",-3.7572361,FALSE,"regulon member"
"Hif1a","Bace1",-3.78601992,FALSE,"regulon member"
"Hif1a","Kdm7a",-3.80091917,FALSE,"regulon member"
"Hif1a","Lct",-3.82077834,FALSE,"regulon member"
"Hif1a","Pfkfb2",-3.98048112,FALSE,"regulon member"
"Hif1a","Sh3bp2",-4.14128231,FALSE,"regulon member"
"Hif1a","Ebp",-4.30597753,FALSE,"regulon member"
"Hif1a","Itgam",-4.31401445,FALSE,"regulon member"
"Hif1a","Lgals1",-4.35720343,FALSE,"regulon member"
"Hif1a","Kdm2a",-4.36238633,FALSE,"regulon member"
"Hif1a","Mmp15",-4.47409363,FALSE,"regulon member"
"Hif1a","Naa10",-4.57271892,FALSE,"regulon member"
"Hif1a","Ikbkb",-4.62578888,FALSE,"regulon member"
"Hif1a","Pten",-4.63382782,FALSE,"regulon member"
"Hif1a","App",-4.86068325,FALSE,"regulon member"
"Hif1a","Fech",-4.92295237,FALSE,"regulon member"
"Hif1a","Qsox1",-4.93820109,FALSE,"regulon member"
"Hif1a","Cox4i1",-4.9398693,FALSE,"regulon member"
"Hif1a","Tm9sf4",-4.9590935,FALSE,"regulon member"
"Hif1a","Mad1l1",-5.06650414,FALSE,"regulon member"
"Hif1a","Kdm5a",-5.12400834,FALSE,"regulon member"
"Hif1a","Fasn",-5.24567748,FALSE,"regulon member"
"Hif1a","Trp53",-5.30949686,FALSE,"regulon member"
"Hif1a","Dnase1",-5.35269764,FALSE,"regulon member"
"Hif1a","Prmt1",-5.42759804,FALSE,"regulon member"
"Hif1a","Sp1",-5.47154245,FALSE,"regulon member"
"Hif1a","Apln",-5.59297404,FALSE,"regulon member"
"Hif1a","Abl1",-5.66066284,FALSE,"regulon member"
"Hif1a","Cxcr4",-5.75780146,FALSE,"regulon member"
"Hif1a","Cybb",-6.00850931,FALSE,"regulon member"
"Hif1a","Xpc",-6.11794462,FALSE,"regulon member"
"Hif1a","Ass1",-6.15310839,FALSE,"regulon member"
"Hif1a","Kdm4b",-6.22222729,FALSE,"regulon member"
"Hif1a","Timp2",-6.37389556,FALSE,"regulon member"
"Hif1a","Nrp2",-6.41956917,FALSE,"regulon member"
"Hif1a","Atp13a2",-6.68900006,FALSE,"regulon member"
"Hif1a","Angptl4",-6.76846142,FALSE,"regulon member"
"Hif1a","Mlh1",-6.97795647,FALSE,"regulon member"
"Hif1a","Mmut",-7.08371318,FALSE,"regulon member"
"Hif1a","Sat1",-7.44100477,FALSE,"regulon member"
"Hif1a","Hif1a",-7.48596014,FALSE,"regulon member"
"Hif1a","Nfe2l2",-7.53589203,FALSE,"regulon member"
"Hif1a","Foxp3",-7.60676755,FALSE,"regulon member"
"Hif1a","Gata1",-7.67014518,FALSE,"regulon member"
"Hif1a","Tcirg1",-7.81673644,FALSE,"regulon member"
"Hif1a","Msh6",-8.2798084,FALSE,"regulon member"
"Hif1a","Btg2",-8.45541237,FALSE,"regulon member"
"Hif1a","Itgb3",-8.45825156,FALSE,"regulon member"
"Hif1a","Cx3cr1",-8.80400383,FALSE,"regulon member"
"Hif1a","Cdkn1b",-9.02931744,FALSE,"regulon member"
"Hif1a","Slc29a1",-10.1803238,FALSE,"regulon member"
"Hif1a","Mapk9",-10.9569605,FALSE,"regulon member"
"Hif1a","Lpin1",-11.2064445,FALSE,"regulon member"
"Hif1a","Pecam1",-12.3299572,FALSE,"regulon member"
"Hif1a","Abcc8",-12.8288852,FALSE,"regulon member"
"Hif1a","Slc22a5",-13.0061095,FALSE,"regulon member"
"Hif1a","Stat3",-13.479087,FALSE,"regulon member"
"Hif1a","Abca1",-18.9943599,FALSE,"regulon member"
"Hif1a","Hk2",9.71988286,FALSE,"regulon member"
"Hif1a","Aldoa",4.53935844,FALSE,"regulon member"
"Hif1a","Pgk1",2.59241548,FALSE,"regulon member"
"Hif1a","Ldha",0.429648896,FALSE,"regulon member"
"Hif1a","Eno1",0.0215029645,FALSE,"regulon member"
"Hif1a","Pkm",-0.229195093,FALSE,"regulon member"
"Stat2","Cbl",-0.120829229,FALSE,"regulon member"
"Stat2","Eif2ak2",-1.54539928,FALSE,"regulon member"
"Stat2","Samhd1",-15.0309988,FALSE,"regulon member"
"Stat2","Il21",3.29221656,FALSE,"regulon member"
"Stat2","Ifnb1",0.413771913,FALSE,"regulon member"
"Stat2","Jun",-1.26834548,FALSE,"regulon member"
"Stat2","Ifit2",-8.88101594,FALSE,"regulon member"
"Stat2","Pml",-2.59565485,FALSE,"regulon member"
"Stat2","H2-T23",-6.57602748,FALSE,"regulon member"
"Stat2","Nos2",5.51788649,FALSE,"regulon member"
"Stat2","Scarb1",-2.71006984,FALSE,"regulon member"
"Stat2","Ifit3",-2.5812821,FALSE,"regulon member"
"Stat2","Il6",0.533988604,FALSE,"regulon member"
"Stat2","Ifng",4.99436412,FALSE,"regulon member"
"Stat2","Nfkb2",9.27808042,FALSE,"regulon member"
"Stat2","Crebbp",-1.62410063,FALSE,"regulon member"
"Stat2","Oas1a",3.60324511,FALSE,"regulon member"
"Stat2","Irf9",-5.67396335,FALSE,"regulon member"
"Stat2","Sirpa",-1.30423043,FALSE,"regulon member"
"Stat2","Irf1",-6.10179662,FALSE,"regulon member"
"Stat2","Serpine1",11.2113044,FALSE,"regulon member"
"Stat2","Stat1",-8.31598089,FALSE,"regulon member"
"Stat2","Ptgs2",7.60821714,FALSE,"regulon member"
"Stat2","Rcan1",7.35623747,FALSE,"regulon member"
"Stat2","Scarb2",-16.6611217,FALSE,"regulon member"
"Stat2","Cldn4",7.50802103,FALSE,"regulon member"
"Stat2","Dgke",-5.17308689,FALSE,"regulon member"
"Stat2","Irf7",0.863484974,FALSE,"regulon member"
"Stat2","Jund",9.19026725,FALSE,"regulon member"
"Stat2","Il27",-0.572794401,FALSE,"regulon member"
"Stat2","Hgf",-1.37042147,FALSE,"regulon member"
"Stat2","Mcl1",-3.16876158,FALSE,"regulon member"
